user_id,hidden_time,time_to_completion,reach_end,raw_session_length,session_length,SP,MP,LP,VLP,NARRATIVE_ELEMENT_CHANGE,PLAY_PAUSE_BUTTON_CLICKED,LINK_CHOICE_CLICKED,SUBTITLES_BUTTON_CLICKED,BACK_BUTTON_CLICKED,SEEK_FORWARD_BUTTON_CLICKED,VIDEO_SCRUBBED,WINDOW_ORIENTATION_CHANGE,VOLUME_CHANGE,FULLSCREEN_BUTTON_CLICKED,SEEK_BACKWARD_BUTTON_CLICKED,NEXT_BUTTON_CLICKED,BROWSER_VISIBILITY_CHANGE,USER_SET_VARIABLE,total_events,FA-Score,AE-Score,PU-Score,RW-Score,UES-Score
89183017-3e13-4660-b81d-19b193533f87,1.131,3578.471,True,3992.119,3990.9880000000003,3,0,0,2,67,2,33,0,0,0,1,0,0,0,2,0,4,0,109,4.67,5.0,4.67,4.67,4.75
caf711b5-2061-4b97-adc2-c7f8238aefdc,0.0,2938.767,True,3731.518,3731.518,0,0,0,1,68,2,22,0,0,0,0,0,0,0,0,0,0,0,92,4.0,4.0,3.0,5.0,4.0
e14ec5a0-e14a-4fa9-8264-7cbde6cbc2ad,0.429,3753.154,True,3958.807,3958.3779999999997,0,0,0,0,66,0,32,0,0,0,0,7,0,0,0,0,3,0,108,4.33,4.33,5.0,5.0,4.66
dce9a213-82cf-49e3-b209-6d3e9be5b964,0.0,2113.964,True,2631.837,2631.837,1,4,0,4,59,0,39,0,0,0,0,0,0,3,0,12,0,0,113,2.33,3.0,3.67,3.0,3.0
8c3fc22c-4fe4-4fca-a34f-d271fbace09b,0.0,2565.107,True,2766.776,2766.776,0,1,0,3,59,2,26,0,0,0,1,0,0,0,0,2,1,0,91,3.67,3.67,5.0,4.33,4.17
fb57c7e0-11fe-4014-b274-6fafbbf88469,0.0,2119.254,True,2323.636,2323.636,1,1,1,2,49,0,28,0,0,0,0,4,0,2,0,6,1,0,90,3.67,3.67,2.67,4.67,3.67
e3da0af5-9676-4173-af90-f0185778c6ff,0.0,2334.024,True,3290.363,3290.363,0,0,0,4,44,2,21,0,0,0,0,0,0,0,0,4,0,0,71,4.67,5.0,5.0,5.0,4.92
eefee5a1-fe6a-45a5-b85c-32f13156c5d4,334.475,3721.6479999999997,True,5762.807,5428.331999999999,1,4,2,15,75,18,40,0,0,0,0,0,0,0,0,0,14,0,147,4.67,5.0,5.0,5.0,4.92
6e3d37b2-ad2d-4dd7-bf4f-cb7387001642,0.0,368.727,True,834.678,834.678,9,16,6,3,45,0,28,0,0,0,0,0,0,0,0,62,1,0,136,4.33,4.33,4.67,5.0,4.58
23cc43f1-d78a-499c-a39d-24102ff0c8d1,195528.418,4257.679999999993,True,199986.895,4458.476999999984,10,2,1,18,67,14,38,0,0,3,0,0,0,5,0,8,9,0,144,1.67,3.67,5.0,4.33,3.67
4909fb8f-a289-4aaa-a7d1-e8fef077ec9e,0.0,877.925,True,1569.571,1569.571,0,0,1,1,44,0,14,0,0,0,0,3,0,2,0,0,0,0,63,2.67,3.67,2.0,3.67,3.0
173d7d29-33b2-4ffe-b541-e7739073533d,633.946,602.525,True,1427.184,793.2379999999999,18,3,7,6,36,4,16,0,6,0,21,0,0,0,0,16,5,0,104,5.0,1.0,2.33,2.33,2.66
25af2fca-dadd-4640-ae3d-17d62031743e,0.0,2791.635,True,3916.564,3916.564,1,1,0,1,67,2,39,0,0,0,0,9,0,2,0,0,1,0,120,5.0,4.67,5.0,4.67,4.84
a5e53f3b-ad77-428f-bfbf-52feb4abf3f6,778.23,2055.317,True,3437.029,2658.799,0,1,0,3,51,4,30,0,0,0,0,0,0,0,0,0,10,0,95,4.0,4.33,4.0,5.0,4.33
6c16f363-f550-44ba-8049-7e76e6fc795b,1020.8810000000001,1774.951,True,3449.893,2429.0119999999997,0,0,0,0,52,0,29,0,0,0,0,0,0,0,0,0,14,0,95,4.67,5.0,4.67,5.0,4.84
0d6870f5-d3e8-4c46-90de-4a65e9fe0f23,0.0,3390.996,True,3812.001,3812.001,3,0,2,1,67,2,36,0,0,1,0,3,0,2,1,0,2,0,114,5.0,5.0,5.0,5.0,5.0
452940c2-1ce1-4850-812a-19278d759d22,0.0,3890.19,True,4070.052,4070.052,7,0,1,5,81,4,40,0,14,0,2,1,0,2,0,4,1,0,149,4.33,5.0,5.0,5.0,4.83
39b18ee9-2410-430f-869e-e16b58d3b22b,0.0,1760.109,True,1959.908,1959.908,3,1,0,2,46,0,18,0,16,0,1,0,0,1,1,0,0,0,83,4.0,4.0,3.0,4.0,3.75
43796b89-de58-455f-9e20-21c44e16469f,0.0,867.858,True,1032.795,1032.795,10,16,9,5,54,0,28,0,6,0,3,0,0,0,0,72,1,0,164,1.0,1.0,2.33,2.33,1.66
022d250f-f709-400f-9e82-60d5dc757b83,9.431,3959.94,True,4643.764,4634.3330000000005,4,2,2,10,82,0,44,0,0,0,1,8,0,6,0,22,4,0,167,5.0,5.0,5.0,5.0,5.0
9319bc21-4a28-436b-972e-c0a3ee8aa5c2,1017.375,1010.472,True,4046.134,3028.759,29,11,6,22,48,76,20,0,0,0,0,7,0,1,0,42,11,0,205,2.0,4.0,4.67,4.33,3.75
92c73d1d-0c60-4016-96df-7fe074e5c784,0.0,4734.547,True,5768.681,5768.681,9,3,1,6,69,6,27,0,0,0,8,0,0,2,0,0,1,0,113,4.33,5.0,5.0,4.67,4.75
04f4264b-6341-45d9-8ffc-47f8e1eb8731,0.0,4405.575,True,5580.735,5580.735,1,1,0,12,79,8,50,0,0,0,4,0,0,2,0,2,0,0,145,1.67,3.0,4.0,4.0,3.17
592abd6a-ef29-4ad9-b93c-2b69bdb81236,0.0,2502.196,True,3524.186,3524.186,1,0,1,4,63,2,26,0,6,0,0,0,0,2,0,0,0,0,99,3.0,3.67,4.0,4.33,3.75
2b1eacd7-776e-4217-9709-4aadea9b453b,41.704,2329.312,True,2551.209,2509.5049999999997,2,2,2,3,55,0,24,0,0,0,0,0,0,3,0,12,22,0,116,2.67,3.67,3.0,3.33,3.17
9d423322-8459-4391-9a64-6bf32778f4f0,28.347,1588.013,True,2122.795,2094.448,1,1,0,6,53,0,32,0,0,0,0,0,0,0,0,10,8,0,103,3.0,3.67,4.67,3.67,3.75
dba7e682-58f6-42ec-bcdd-ab0d8e210d20,5144.699999999999,2943.3600000000015,True,8263.806,3119.1060000000016,12,3,8,13,65,12,27,0,6,2,5,0,0,0,2,30,13,0,162,3.0,3.33,4.67,3.33,3.58
1b33983e-ef50-4711-8749-02cee11fa1df,0.0,1232.697,True,1448.033,1448.033,0,1,1,5,33,0,11,0,0,3,0,2,0,3,0,2,1,0,55,5.0,5.0,4.67,5.0,4.92
1b0d4b43-d771-4a5d-9a1a-5a6dfbe1dcb4,0.0,1051.848,True,1835.998,1835.998,1,0,0,2,43,0,16,0,0,0,0,0,0,3,0,0,0,0,62,3.67,4.67,4.0,4.33,4.17
474c532e-dc2b-4fe2-bc93-c1b74acc92d9,644.927,4560.398,True,6281.864,5636.937,5,0,0,7,77,6,44,0,0,0,0,0,0,0,8,0,4,0,139,3.33,4.33,5.0,5.0,4.42
8d141a36-e461-47bb-904c-3603604f1937,0.0,4711.017,True,5444.221,5444.221,0,1,2,7,70,10,23,0,0,0,0,0,0,0,0,0,0,0,103,1.33,2.0,2.67,1.67,1.92
4c49de36-8c7c-4119-aa6f-e2f4fd97a492,1183.8020000000001,989.124,True,2360.476,1176.674,8,3,10,8,45,0,29,0,2,0,26,0,0,0,0,6,6,0,114,1.0,1.0,3.67,1.0,1.67
216e09f4-2a96-4609-ac7d-b3e80692ef8a,155.45700000000002,1084.741,True,2210.947,2055.4900000000002,15,9,6,8,71,0,50,0,0,0,9,0,0,0,0,58,4,0,192,3.67,3.0,5.0,3.67,3.84
2f98b9c0-2f7c-4b82-a1f5-6762478960de,0.0,1683.868,True,1917.983,1917.983,0,2,0,1,39,2,21,0,0,0,0,4,0,1,0,2,1,0,70,4.67,4.0,4.33,4.0,4.25
375cca22-1498-463a-ba40-1b180f1d2eab,3355.8940000000002,4541.914,True,8066.169,4710.275,0,0,0,4,52,2,28,0,0,1,0,0,0,0,0,2,11,0,96,3.67,5.0,4.67,4.67,4.5
e4bdc59c-df09-4abd-b26e-483f0d0e29d0,0.0,2281.464,True,2507.357,2507.357,3,1,1,4,54,0,27,0,0,2,0,0,0,4,0,6,0,0,93,3.67,4.67,5.0,5.0,4.58
927b63d9-8021-4847-ae6f-4229783657b0,1.723,1550.1970000000001,True,2076.52,2074.797,9,3,3,5,49,0,28,0,0,0,20,0,0,0,0,0,3,0,100,4.0,3.0,2.67,3.0,3.17
1100ba1c-b549-4f11-a369-5eb916e11249,548.7950000000001,2192.4959999999996,True,4022.336,3473.5409999999997,15,6,1,13,55,14,22,0,2,6,1,7,0,0,15,0,6,0,128,5.0,5.0,4.67,5.0,4.92
960db6e9-3a04-4710-accd-1af645d7d98f,2.928,2842.717,True,3037.4,3034.472,1,0,0,3,55,2,22,0,0,0,2,0,0,0,1,0,5,0,87,3.0,4.0,3.33,4.67,3.75
b6662cb5-4458-43b9-8add-2e058335ad30,26.02,930.116,True,1132.25,1106.23,47,17,23,7,64,6,217,0,0,0,51,0,0,2,0,90,2,0,432,1.0,3.0,3.0,3.0,2.5
6b951a55-6572-4028-b7d7-5f0bf1fa0fb4,1.17,3008.99,True,3691.293,3690.123,1,0,0,1,74,0,27,0,0,0,0,2,0,2,0,0,2,0,107,3.33,3.67,3.33,3.67,3.5
bb6d381b-0182-4770-a73a-75a88b9a1d02,0.0,3821.816,True,4536.415,4536.415,0,0,0,5,73,4,41,0,0,0,0,1,0,2,0,0,1,0,122,4.33,4.0,5.0,5.0,4.58
4c41ecb0-0a74-4c7d-b56e-68cb01f988f7,133.998,3105.974,True,3412.359,3278.361,4,1,0,8,59,2,40,0,0,7,0,8,0,1,1,6,3,0,127,3.0,3.67,3.33,4.0,3.5
fab1d94e-5eb7-463d-be4c-e265f6eb2d87,255565.61,2146.7639999999665,True,257975.1,2409.49000000002,0,1,3,6,43,10,4,0,0,0,0,0,0,0,0,0,35,0,92,1.67,1.67,3.0,2.0,2.08
bff8f4a4-d6c5-471f-90f8-468d2626fb9e,0.006,3953.904,True,4369.873,4369.866999999999,0,0,1,1,75,0,47,0,0,0,0,4,0,2,0,0,3,0,131,3.67,3.0,4.33,4.67,3.92
cf37b95d-6616-4893-87a8-c5e471932e39,3811.4300000000007,3331.2589999999996,True,7297.995,3486.564999999999,0,0,0,7,54,6,26,0,0,0,0,0,0,0,0,2,15,0,103,3.0,3.33,5.0,3.67,3.75
be4cae48-1030-4e42-8a82-91b5de267620,0.001,3113.86,True,4376.498,4376.496999999999,12,1,0,3,69,2,38,0,0,7,6,2,0,1,1,0,3,0,129,3.0,4.0,5.0,4.0,4.0
483f0fba-2deb-45c3-9cf1-fd407a31ea97,0.0,4288.947,True,4504.587,4504.587,3,2,1,6,74,8,39,0,2,0,2,0,0,2,0,0,0,0,127,3.67,3.0,3.33,3.33,3.33
57575466-6e5f-4aa3-8769-ccdde3888df8,2.601,539.208,True,732.857,730.256,2,13,5,6,41,0,22,0,0,0,1,0,0,0,0,50,3,0,117,1.67,1.33,2.67,1.33,1.75
32f5154a-840d-4004-ab51-a3f2c6f5f312,5.609,1063.146,True,1931.035,1925.4260000000002,0,0,0,0,48,0,15,0,0,0,0,2,0,0,0,0,2,0,67,4.0,4.67,5.0,5.0,4.67
ed76851b-aa85-4b6c-b1f4-43109bf960ef,5.516,3180.6369999999997,True,4382.067,4376.551,12,3,2,5,68,6,38,0,0,0,12,8,0,2,0,0,5,0,139,3.33,3.67,3.33,2.67,3.25
b3547372-2a77-42a9-b913-224017c861bb,0.0,1987.819,True,2146.94,2146.94,0,0,0,2,48,2,22,0,0,0,0,0,0,0,0,0,0,0,72,2.33,3.0,3.0,3.33,2.92
267ebb00-2461-4df3-82f0-903031dcbfa7,0.0,3575.735,True,4640.17,4640.17,4,0,2,3,76,0,68,0,0,2,0,2,0,11,0,0,0,0,159,3.33,3.0,3.0,3.0,3.08
c3389339-8208-4283-8b04-cc358ef8177a,55.546,2478.05,True,2981.168,2925.6220000000003,15,7,3,9,64,0,51,0,0,0,34,0,0,0,0,4,7,0,160,4.67,5.0,5.0,5.0,4.92
5e5bad74-7af7-49a5-8830-52e8d7d40aa6,1.536,3504.181,True,3943.439,3941.903,2,1,0,4,73,2,32,0,0,0,1,0,0,4,0,0,2,0,114,3.67,5.0,5.0,5.0,4.67
8470de08-1e3d-4801-82cc-9545bea38ccf,0.0,946.076,True,1439.794,1439.794,6,8,14,10,48,0,117,0,0,0,33,0,0,8,0,0,0,0,206,4.0,4.67,4.67,4.67,4.5
1b9b28db-841b-4e2b-aa03-14a5a02cd3b8,0.0,3442.21,True,4151.285,4151.285,0,0,0,2,66,0,35,0,0,0,0,0,0,2,0,0,0,0,103,3.67,5.0,5.0,5.0,4.67
ecfb3649-6305-49d0-b4c1-29a036e54000,0.0,1462.642,True,2138.104,2138.104,0,0,0,0,37,0,18,0,0,0,0,0,0,0,0,0,1,0,56,3.33,4.33,4.67,5.0,4.33
e8d1f3c7-24e7-4914-952b-62ece7a16b11,363.32,2188.0449999999996,True,3154.36,2791.04,1,1,0,2,68,0,30,0,0,1,0,5,0,3,0,0,3,0,110,3.0,4.33,3.33,4.33,3.75
1e3f3b00-2ae0-4fe4-a765-5df1e5572ab6,0.0,1211.764,True,1435.759,1435.759,0,0,0,2,32,0,15,0,0,0,0,0,0,2,0,0,0,0,49,4.0,4.33,5.0,5.0,4.58
124236a1-6919-4e0b-bc11-9e706059d196,0.0,2660.379,True,2896.27,2896.27,1,0,0,1,61,2,42,0,0,0,0,0,0,0,0,0,1,0,106,3.33,3.67,4.33,4.33,3.92
b1d5a313-d416-41bb-86ad-03c5ef753d56,0.0,5210.018,True,5670.234,5670.234,6,1,0,2,75,2,37,0,2,0,0,0,0,0,6,0,0,0,122,4.0,3.33,4.0,4.0,3.83
38d230ef-e50b-48fb-8737-81712fc7193d,517.612,4135.5599999999995,True,5489.17,4971.558,17,5,5,16,69,12,33,0,18,0,23,0,0,1,0,2,12,0,170,1.0,1.0,1.67,1.33,1.25
eb386f28-46b6-4ba6-9d3c-ccec40712466,0.0,1351.922,True,1991.398,1991.398,2,2,1,5,46,0,16,0,6,0,0,2,0,2,0,10,1,0,83,3.67,4.33,3.67,4.33,4.0
c48fdb3c-ec7a-41d8-9a20-56f97cb782e6,0.777,1697.863,True,103843.756,103842.97899999999,0,0,0,0,59,0,20,0,0,0,0,2,0,0,0,0,5,0,86,4.0,4.33,2.67,4.0,3.75
f81085af-7ea7-4a7f-bda3-fc14eeb59a99,0.0,1342.154,True,1597.409,1597.409,0,0,0,0,41,0,19,0,0,0,0,4,0,0,0,0,1,0,65,3.0,3.0,3.67,2.33,3.0
802f05c3-87b7-44e5-b334-2ad54f0cfd12,55.013000000000005,4032.495,True,5227.654,5172.6410000000005,0,0,0,6,75,2,33,0,0,0,1,0,0,3,0,0,10,0,124,4.33,5.0,5.0,5.0,4.83
f84589da-9df4-44ab-b6fe-cca108d90823,533.041,3970.898,True,4695.722,4162.681,0,1,1,1,72,0,40,0,0,0,2,0,0,1,0,0,2,0,117,4.0,3.67,3.33,4.0,3.75
28f55086-5622-4d33-9678-0ccff7835e36,0.049,4301.413,True,5027.774,5027.725,0,1,0,4,85,2,40,0,6,0,0,0,0,0,0,2,2,0,137,3.67,3.33,4.33,4.67,4.0
ea54bc8b-d2a6-410a-95f2-09bbb07d1f31,1.218,2997.719,True,4034.275,4033.0570000000002,1,1,0,9,47,8,15,0,0,0,0,0,0,3,0,0,8,0,81,3.0,3.0,5.0,3.0,3.5
a3a5a009-51ab-4fce-b89f-2c8e1ac1673c,0.601,1793.26,True,2601.712,2601.111,0,0,0,2,64,2,25,0,0,0,0,4,0,0,0,0,2,0,97,3.33,3.0,4.33,3.33,3.5
5be3455c-5983-438f-b634-1c50774609fb,0.0,3124.089,True,3724.829,3724.829,3,1,0,4,60,2,26,0,4,2,0,0,0,0,3,2,0,0,99,4.0,4.67,4.67,4.33,4.42
f8a17e69-1371-47e8-9753-182deb8dd47a,0.0,3349.26,True,4236.967,4236.967,1,1,2,13,64,10,37,0,0,0,4,0,0,2,1,0,0,0,118,4.0,4.0,4.33,4.0,4.08
a6a6d45d-6e6d-41e1-9e1c-5af051c8ce82,0.0,3560.672,True,3770.874,3770.874,0,0,1,4,56,4,30,0,0,0,1,0,0,0,0,0,0,0,91,2.67,2.67,3.0,3.33,2.92
26246096-6fd4-4191-8329-c05013412210,3824.007,3029.572,True,7725.085,3901.078,7,3,0,20,59,24,27,0,0,0,5,0,0,0,3,0,23,0,141,3.0,4.0,4.33,4.33,3.92
af06b1d9-895e-4449-a557-f76d65a15fd4,0.0,1092.935,True,2350.386,2350.386,6,4,11,14,59,2,83,0,0,0,0,0,0,4,0,58,1,0,207,4.0,4.0,5.0,5.0,4.5
dad7931f-633f-4224-9c35-0d1b5e6bfe00,12.569,1611.222,True,1788.399,1775.83,0,5,0,4,46,0,25,0,0,0,1,0,0,0,0,18,4,0,94,3.33,4.0,4.67,4.33,4.08
4a80e593-db83-4335-8eba-2de82cc3589f,0.0,3101.505,True,3857.459,3857.459,2,1,0,5,69,2,33,0,0,0,0,0,0,4,1,0,0,0,109,1.67,3.33,3.0,2.33,2.58
96a599a4-59f7-4523-8bef-00a5518152f0,0.0,3684.697,True,4363.906,4363.906,0,1,0,3,66,0,39,0,2,0,0,0,0,2,1,0,1,0,111,2.67,2.67,3.33,3.67,3.08
eca45f9c-96c0-41de-852c-f5fd8090f257,1421.064,2470.9570000000003,True,4999.926,3578.862,0,0,0,1,58,0,27,0,0,0,0,0,0,0,0,2,3,0,90,2.0,3.0,5.0,4.0,3.5
46ca6d77-32f2-4cbb-a4e2-c4f68d246137,0.904,1382.026,True,1617.281,1616.377,2,6,3,7,45,2,26,0,0,0,1,0,0,0,0,30,2,0,106,3.0,2.67,3.67,2.33,2.92
ff4ef58c-8a0e-471e-b2ad-9c73ff20eee8,295.713,3491.3599999999997,True,4666.918,4371.205,1,0,1,3,78,2,41,0,0,0,1,0,0,2,0,0,2,0,126,4.33,5.0,5.0,5.0,4.83
624ea4b0-6dd6-45de-b3db-178de5f02dcc,0.0,2081.644,True,3111.614,3111.614,11,0,2,6,59,2,21,0,30,0,0,0,0,1,1,6,0,0,120,5.0,5.0,5.0,5.0,5.0
2c382993-a45e-454b-afb8-55ba3a0809e3,0.0,2240.269,True,2654.944,2654.944,1,2,0,5,43,0,26,0,0,0,1,0,0,3,0,6,1,0,80,4.67,5.0,3.67,5.0,4.58
5e3166c0-44f6-47c9-9190-8b3a56b8dd2c,2106.29,1115.3360000000002,True,3370.913,1264.623,8,4,7,10,71,12,18,0,18,0,0,16,0,1,0,18,9,0,163,4.33,5.0,3.67,4.67,4.42
389eacfb-74bf-4f2e-b0ae-4527fd5e7185,10.909,3885.058,True,4884.964,4874.055,20,3,5,11,85,14,40,0,32,3,3,5,0,4,4,36,3,0,229,4.33,4.0,3.67,4.67,4.17
89e19b0a-fd68-41f2-9b73-0185df581925,1.328,3596.946,True,4517.305,4515.977,1,0,0,1,77,0,40,0,0,2,0,0,0,0,0,2,3,0,124,3.0,3.0,3.33,4.67,3.5
1afe8993-eb7a-4750-9c27-b44bd7d7177b,0.0,1825.291,True,2062.067,2062.067,1,2,1,6,46,0,19,0,0,0,7,0,0,0,0,6,1,0,79,3.0,3.0,3.0,3.0,3.0
aa213350-6b5f-4751-a015-ec007edd497a,0.0,1808.018,True,2800.007,2800.007,3,4,5,14,62,4,31,0,18,0,0,0,0,2,2,30,0,0,149,4.0,4.33,3.33,4.33,4.0
cf7f20b2-0517-4897-93f9-c276ff8f2d5f,0.659,3737.942,True,4877.334,4876.675,1,2,1,3,83,2,29,0,4,0,0,3,0,3,0,0,3,0,127,4.0,4.33,4.33,5.0,4.42
6b6751d8-6752-4c6b-be34-06efe4aa0b0b,0.0,1596.474,True,1803.663,1803.663,1,3,5,1,49,0,46,0,0,0,0,0,0,0,0,20,0,0,115,3.0,2.33,5.0,5.0,3.83
37a2d6c7-9fba-44f2-9675-6f305e2b1d40,2.977,4480.534000000001,True,5399.994,5397.017,0,0,0,2,88,2,47,0,0,0,0,0,0,0,0,0,3,0,140,5.0,5.0,5.0,5.0,5.0
b603793e-58ae-4fdf-b58b-1e54e919fe0e,0.0,3126.33,True,3565.46,3565.46,2,0,0,1,66,0,35,0,2,0,0,0,0,0,2,0,0,0,105,3.67,4.67,3.33,5.0,4.17
602695c7-589c-4ab5-b78c-535ae4589365,5712.392,2856.4339999999993,True,8804.138,3091.746000000001,6,5,4,10,66,6,30,0,6,0,0,8,0,7,2,14,5,0,144,5.0,5.0,3.33,5.0,4.58
7dbaec68-7ff1-4f69-9305-52f5fb725ce2,0.0,2430.882,True,3635.143,3635.143,0,0,1,0,63,0,31,0,0,0,0,2,0,1,0,0,0,0,97,3.33,4.33,5.0,5.0,4.42
d497f4af-1e32-4924-ac0d-ac3f32a021a2,4311.577000000001,-130.94400000000041,True,4457.196,145.61899999999878,1,0,0,2,59,0,25,0,0,0,1,4,0,2,0,2,12,0,105,1.67,4.33,5.0,5.0,4.0
9b3b0dea-6ea3-4660-be0f-194bf669f493,0.0,1738.33,True,2505.116,2505.116,1,2,0,1,48,0,26,0,0,1,0,3,0,3,0,2,0,0,83,4.0,3.67,5.0,5.0,4.42
84128b16-54e3-4406-8145-023bc9917fe3,121.09299999999999,2988.433,True,3333.641,3212.5480000000002,2,3,1,9,65,8,35,0,4,0,2,11,0,6,0,0,9,0,140,3.0,4.0,4.67,5.0,4.17
f3d33e47-55f5-477c-9b86-702c3bf31493,0.0,4077.712,True,4315.138,4315.138,6,2,0,2,75,0,36,0,6,9,0,1,0,3,0,2,1,0,133,3.67,4.67,2.67,4.33,3.84
f9912b77-ee0a-45b0-80e0-7f2ec9842613,0.0,4245.541,True,4462.873,4462.873,0,0,0,0,73,0,39,0,0,0,0,0,0,0,0,0,1,0,113,4.0,4.33,3.33,4.67,4.08
ba08cb4c-29c0-43d2-b314-2987ab583c10,0.0,3111.799,True,4122.086,4122.086,0,0,0,0,63,0,29,0,0,0,0,1,0,0,0,0,1,0,94,4.0,4.0,4.67,5.0,4.42
6edd505a-910f-4dc4-b164-af2708e5aa5c,69.113,2045.138,True,2342.297,2273.184,1,0,0,0,51,0,26,0,0,0,0,4,0,1,0,0,3,0,85,4.0,4.33,4.33,4.67,4.33
14ef9216-d2a0-49f5-bb2a-4c377b52ff66,0.0,1605.428,True,1850.498,1850.498,0,0,2,2,37,0,16,0,0,0,1,3,0,0,0,6,1,0,64,1.67,2.67,3.67,3.0,2.75
e6d668ae-0f50-4df4-86ab-97c864e4c7f2,0.0,2428.135,True,2695.548,2695.548,0,0,0,0,53,0,29,0,0,0,0,0,0,0,0,0,1,0,83,3.0,2.0,3.0,2.0,2.5
c51fcea3-172c-45fa-927c-8c8c265daa4f,679.109,4307.463,True,5354.686,4675.576999999999,16,5,1,6,87,8,44,0,14,3,1,7,0,0,13,0,5,0,182,2.67,4.33,4.67,4.67,4.08
f5874e8a-90f8-4f41-b278-3c754f515de1,0.0,1827.02,True,2553.788,2553.788,1,4,0,5,40,2,23,0,0,1,4,4,0,2,0,2,1,0,79,4.33,3.67,4.0,4.33,4.08
1e6c8675-ff9a-4d68-bb64-2c81d6565bdc,0.0,2328.47,True,2526.221,2526.221,0,0,0,5,50,2,30,0,0,0,2,0,0,0,0,2,1,0,87,4.0,5.0,4.33,4.33,4.42
7881b5d2-b433-4951-9499-be31fb2b70f7,0.0,2092.549,True,2304.484,2304.484,4,0,1,8,41,4,23,0,0,2,5,0,0,2,0,0,0,0,77,4.67,4.67,4.33,4.67,4.58
3e6220a9-9553-421a-bb75-3bf879f7c9b1,4.731,2559.71,True,3697.173,3692.4419999999996,1,1,2,4,67,0,41,0,0,1,1,3,0,3,0,6,5,0,127,3.67,3.67,4.33,4.0,3.92
2b59433e-0d75-473e-8baa-c2c66b59f0f3,0.0,2177.325,True,2353.697,2353.697,0,0,1,3,53,2,25,0,0,0,0,0,0,2,0,0,0,0,82,4.67,4.67,4.33,4.33,4.5
3f589fb6-33d2-4058-b1d2-b0f6a4f2101f,0.0,3926.656,True,4370.409,4370.409,0,0,1,0,69,0,37,0,0,0,0,0,0,0,0,0,1,0,107,4.0,3.67,5.0,4.33,4.25
26d3f488-78fb-48da-8b7b-b6b1d57bf502,0.0,2439.409,True,2622.607,2622.607,0,0,0,0,54,0,20,0,0,0,0,0,0,0,0,0,0,0,74,2.67,4.0,3.33,3.33,3.33
a4b60386-9442-40e8-b8fb-efea086b3dd2,0.0,1609.821,True,1822.897,1822.897,0,0,0,0,40,0,27,0,0,0,0,2,0,0,0,0,0,0,69,2.33,4.67,3.0,4.67,3.67
da887999-effb-4ed1-85d6-50566239f171,0.0,602.749,True,763.187,763.187,3,8,5,5,47,0,26,0,0,0,0,0,0,0,0,44,0,0,117,2.0,2.33,2.67,3.67,2.67
975cf12e-b79d-4843-b15b-d6d954e116de,0.0,1168.393,True,1345.459,1345.459,10,2,6,9,33,0,19,0,0,20,0,0,0,2,1,8,0,0,83,3.67,4.0,5.0,4.67,4.34
21c05866-0683-48b5-a212-22c67186b2c4,106.209,2072.379,True,2910.284,2804.0750000000003,2,0,1,4,57,0,29,0,0,7,1,10,0,1,0,0,9,0,114,4.0,4.33,3.33,5.0,4.16
ec1c20bd-aba2-4896-802d-fbb753fa0b68,0.998,4407.11,True,5604.221,5603.223,4,4,0,5,100,2,38,0,22,1,2,0,0,2,3,0,2,0,172,3.0,4.0,3.67,4.0,3.67
3562cfcf-d0e9-4448-8d39-5c8173823623,0.0,2327.965,True,2770.55,2770.55,0,1,0,0,53,0,31,0,0,0,0,0,0,1,0,0,1,0,86,1.0,2.0,3.33,2.33,2.16
9d33048f-fb1e-47e6-809f-6f7abe49834e,0.0,2754.82,True,3003.189,3003.189,8,5,3,6,61,0,27,0,0,20,0,0,0,2,0,0,0,0,110,3.33,3.33,4.67,4.0,3.83
f1c7eef7-b0e2-48e1-a931-1773fbb78c0d,498.888,1361.519,True,2077.036,1578.1480000000001,7,10,7,10,56,0,36,0,0,4,23,0,0,1,0,20,2,0,142,3.67,3.33,2.33,3.67,3.25
06f68d4e-3a72-4d99-9a78-0a729528d853,0.0,3912.01,True,4678.517,4678.517,3,0,0,3,80,0,39,0,0,0,2,0,0,4,0,0,1,0,126,4.33,5.0,5.0,5.0,4.83
11a90604-6ef2-4bd2-aecb-78c65bf42051,0.0,2266.446,True,2472.398,2472.398,0,1,0,2,56,2,30,0,0,1,0,0,0,0,0,0,1,0,90,1.33,2.0,3.67,2.33,2.33
0e3cddf1-9a98-4c8f-b350-0f70542ebf90,0.0,2030.79,True,2257.97,2257.97,0,0,0,2,49,2,21,0,0,0,0,0,0,0,0,0,0,0,72,3.0,3.67,4.33,3.0,3.5
aa289840-419d-477c-9909-3430f19e4316,0.0,2689.153,True,3363.037,3363.037,4,3,0,5,52,2,27,0,0,1,0,0,0,4,0,10,0,0,96,3.33,4.0,4.67,4.67,4.17
181c052d-021a-4209-a14c-169746840c22,0.0,1495.577,True,1691.569,1691.569,0,0,0,2,46,0,22,0,0,0,0,8,0,1,0,2,1,0,80,1.33,3.0,2.67,2.67,2.42
6272585b-e598-4d76-a54d-dd7eb4415fcc,0.0,1346.988,True,1634.591,1634.591,0,0,0,0,45,0,22,0,0,0,0,0,0,0,0,0,0,0,67,4.33,5.0,3.67,5.0,4.5
346db4e4-14d4-44aa-9e69-bdb1767a8d92,57.885000000000005,2144.14,True,2629.498,2571.613,3,3,3,8,61,0,31,0,4,0,9,0,0,2,0,10,4,0,121,4.67,4.33,4.0,5.0,4.5
cb2a394c-3a93-48cd-8bde-084b761dd6b4,0.0,5060.515,True,5254.55,5254.55,1,3,3,8,75,4,42,0,0,0,3,0,0,1,0,14,1,0,140,3.33,3.67,4.67,3.67,3.84
2d4712f8-b7ad-43ad-9161-2a1bd9bbf31e,0.0,1495.813,True,1727.243,1727.243,9,2,3,6,46,0,24,0,0,0,20,0,0,0,0,0,0,0,90,2.0,2.0,4.67,3.0,2.92
7fe3be1b-c46d-4b15-8bbc-edcaba33ded9,0.0,3818.85,True,4116.454,4116.454,2,2,0,6,69,4,28,0,0,1,4,0,0,2,0,0,1,0,109,5.0,4.67,5.0,5.0,4.92
cf0d3929-1ff8-4783-b8c4-db49d4edda6c,0.0,3708.503,True,3932.666,3932.666,2,3,0,6,82,0,40,0,18,0,0,0,0,1,2,6,0,0,149,5.0,4.67,4.0,5.0,4.67
d88636bb-a8b6-4b5c-9afb-888690c6aa0e,0.0,2411.518,True,2633.798,2633.798,4,0,1,5,57,2,29,0,8,0,0,0,0,0,4,4,0,0,104,4.67,4.33,4.0,5.0,4.5
024fb6e5-0895-4d1f-bb4a-0b1ea07c380b,0.0,1432.071,True,1624.666,1624.666,29,13,8,10,45,0,88,0,0,46,7,0,0,0,0,10,1,0,197,2.0,2.0,2.33,2.33,2.16
07e45864-3615-49db-9b4c-599384a73639,0.0,3770.593,True,4051.604,4051.604,12,7,0,7,81,2,31,0,18,2,4,0,0,0,6,2,0,0,146,3.67,3.33,4.33,4.67,4.0
c984d01f-7104-4181-8073-1bef517b09e2,0.0,1999.205,True,2421.92,2421.92,0,2,0,2,48,0,25,0,0,0,0,0,0,2,0,0,0,0,75,3.0,3.67,4.67,4.0,3.84
47c6a15a-ab07-449b-83c8-90bd70f7f451,0.0,5463.754,True,5704.958,5704.958,2,3,0,1,61,2,28,0,0,0,0,0,0,2,0,0,0,0,93,3.33,4.67,5.0,5.0,4.5
11d9ce6a-b4a4-4ff5-b4f4-f1749530685d,0.0,1276.413,True,1448.166,1448.166,6,10,6,12,63,0,42,0,0,1,0,0,0,0,0,68,1,0,175,2.0,2.67,2.33,2.33,2.33
cbd44c26-6867-43e6-9a3b-00cc57b1c98c,16677.805,4485.875,True,22534.14,5856.334999999999,2,0,0,6,81,4,40,0,0,0,1,0,0,4,0,0,3,0,133,4.33,5.0,4.67,5.0,4.75
af642998-b5f5-4926-8c7d-b792c9ee54bd,0.0,3135.672,True,3381.504,3381.504,0,0,0,0,62,0,34,0,0,0,0,0,0,0,0,0,1,0,97,3.33,3.67,5.0,5.0,4.25
2e253957-c483-43bf-8596-3b4c3a424f94,0.0,1194.009,True,1475.796,1475.796,1,2,0,1,33,0,11,0,2,0,0,0,0,0,2,2,0,0,50,2.0,2.0,2.0,4.33,2.58
da31254f-71e8-45c3-bb68-814cbd9bdca2,15758.994999999999,5198.116000000002,True,21394.957,5635.9619999999995,0,0,0,0,79,0,42,0,0,0,0,0,0,0,0,0,38,0,159,5.0,5.0,5.0,5.0,5.0
029909c1-ee8f-4a91-a12b-57fdf8a26c18,0.0,2638.585,True,2797.466,2797.466,0,0,0,1,45,0,17,0,0,0,1,1,0,0,0,0,1,0,65,2.67,3.0,3.0,3.0,2.92
aa98a3c7-a248-439d-88b2-acbeb63f45d5,0.937,3070.358,True,4112.242,4111.305,28,7,9,11,112,18,46,0,78,0,16,0,0,1,1,24,2,0,298,4.0,4.0,4.0,4.0,4.0
fde6fd4c-b95a-400d-b98e-e79e17ec886e,1.267,2394.554,True,3365.08,3363.813,0,0,0,0,58,0,29,0,0,0,0,0,0,0,0,0,3,0,90,4.33,4.67,5.0,4.67,4.67
d755c59d-fada-4e57-a354-1c70703acf61,0.0,3080.857,True,3301.905,3301.905,2,0,1,2,62,2,25,0,2,0,0,0,0,0,2,0,0,0,93,2.67,4.0,4.0,4.67,3.84
8e8f8ef7-7412-465c-bf76-6edb060ebe26,25.444000000000003,360.768,True,568.869,543.4250000000001,5,6,4,4,46,2,16,0,6,0,0,0,0,3,0,22,4,0,99,2.67,2.67,2.0,2.67,2.5
1b351dab-37d3-4c7b-8a16-0c39c0d6a2c3,24.629,2661.295,True,2922.424,2897.795,13,3,2,12,59,2,42,0,0,22,0,4,0,1,0,10,3,0,143,3.67,4.0,3.33,4.0,3.75
83eb738d-c345-4ffa-b74b-3457ad20e0f9,49.749,3351.825,True,4056.235,4006.4860000000003,2,0,0,6,69,2,42,0,0,0,2,3,0,4,0,0,3,0,125,3.67,5.0,5.0,5.0,4.67
7a559aeb-3cf9-493e-87ab-a82a5844592e,0.0,2034.243,True,2706.532,2706.532,4,6,1,5,76,0,28,0,0,11,0,1,0,2,4,0,0,0,122,3.33,4.0,4.0,4.67,4.0
ca493881-37d6-46bc-ae7a-9e85378e7937,169.04,2751.841,True,3285.747,3116.707,4,6,0,5,64,0,100,0,0,0,3,0,0,6,0,12,6,0,191,3.67,1.33,2.33,1.0,2.08
92aff17d-6d4f-4efb-851e-1f47e18f65e8,1.625,291.738,True,1008.958,1007.333,4,9,6,6,33,2,31,0,10,1,1,0,0,0,5,44,2,0,129,4.33,4.0,4.67,4.67,4.42
d946fa53-b6d6-47ca-aacf-9c90fb5ff111,6.13,1749.2299999999998,True,2142.894,2136.7639999999997,9,1,4,4,50,0,47,0,4,0,3,4,0,5,0,6,3,0,122,3.33,2.33,4.67,4.67,3.75
aff54621-e1d7-4d62-97b1-43ea6a282217,4.623,3893.8030000000003,True,4260.29,4255.667,1,0,0,3,70,0,32,0,0,0,2,0,0,2,0,0,4,0,110,3.67,4.67,4.33,4.0,4.17
613dfe0b-6ad3-48fa-a460-8b7fb1cdd48c,336.721,4178.013999999999,True,5692.937,5356.216,5,2,1,6,84,2,42,0,8,0,0,0,0,5,2,0,3,0,146,4.67,5.0,4.67,5.0,4.84
479c81aa-7d3e-4898-a90e-9c680793c0ab,16.374,3361.021,True,3507.33,3490.956,20,6,6,16,68,18,44,0,4,2,2,0,0,2,1,0,3,0,144,3.0,3.0,3.67,3.0,3.17
ca85c56c-757c-4e62-8a52-bcdf426df13d,8354.428,1043.908,True,9956.972,1602.5439999999999,1,0,0,0,50,0,18,0,0,0,0,2,0,1,0,0,2,0,73,3.0,3.33,4.33,4.0,3.66
44ca7d67-2129-410b-bc72-01f027b953a8,0.0,2877.287,True,3161.708,3161.708,0,0,0,2,57,0,31,0,0,0,0,2,0,2,0,0,1,0,93,2.33,3.67,5.0,2.33,3.33
c7f7067b-be60-438c-a9ce-79a30a314da4,0.0,1367.483,True,2254.147,2254.147,0,0,0,0,44,0,21,0,0,0,0,0,0,0,0,0,0,0,65,4.0,4.0,4.33,4.0,4.08
6da7feda-5d4e-419d-bba5-99181930b985,0.0,3144.045,True,4131.112,4131.112,5,6,3,1,74,0,85,0,0,4,0,0,0,2,0,18,0,0,183,4.33,5.0,3.67,4.67,4.42
3fedc8a1-b526-44ae-9739-4471b9f1c548,0.0,2061.892,True,2265.284,2265.284,0,1,3,4,52,0,28,0,0,0,0,0,0,0,0,16,1,0,97,1.67,3.0,4.0,2.33,2.75
0cf0a2d9-72df-4d07-9c7a-4d17d626b63c,0.0,1730.985,True,2151.724,2151.724,1,0,3,4,47,0,24,0,0,6,0,0,0,0,0,4,1,0,82,5.0,5.0,5.0,5.0,5.0
c836957f-3aaa-4af2-9fe7-778c31b65e29,0.0,3035.429,True,3232.187,3232.187,7,6,2,5,62,4,40,0,0,11,0,8,0,4,0,10,1,0,140,4.67,5.0,4.33,5.0,4.75
5d5dde8f-a1cb-428e-bb97-f53809d10034,0.0,4347.499,True,5676.571,5676.571,1,0,0,4,87,4,39,0,0,0,0,0,0,1,0,0,0,0,131,3.67,4.33,3.67,4.67,4.08
9be42bff-a5ff-40ab-b1e1-cca5ef36be1e,0.0,3775.127,True,4062.986,4062.986,8,1,5,10,77,6,28,0,18,2,2,0,0,3,8,2,1,0,147,2.33,4.33,4.33,4.33,3.83
9366866c-2c0f-4126-a889-25f1bc9cecb2,0.0,1290.679,True,2002.888,2002.888,3,5,3,13,52,0,32,0,0,0,0,0,0,1,0,46,0,0,131,3.67,3.33,4.0,5.0,4.0
5827645e-d2e1-4ff3-baa7-22bb818018df,0.0,4276.264,True,4478.715,4478.715,1,0,0,5,69,4,30,0,0,0,0,0,0,2,0,0,1,0,106,4.33,4.67,5.0,5.0,4.75
f3823a0b-0a8c-49f0-ab37-e23e87853832,3717.8169999999996,3938.494,True,8859.637,5141.8200000000015,0,4,1,5,73,6,46,0,0,0,2,0,0,1,0,2,12,0,142,3.0,3.67,4.67,4.67,4.0
2a74a3f8-ed06-4982-84dd-df9858d8cc8e,0.0,1553.553,True,2247.505,2247.505,0,0,0,1,49,0,29,0,0,0,1,0,0,0,0,0,1,0,80,3.67,4.0,3.67,4.0,3.84
3d61e880-8db4-46ac-a184-e21a261ff379,0.0,843.235,True,964.55,964.55,3,2,2,2,44,1,11,0,2,0,0,1,0,0,0,14,0,0,73,3.33,3.0,5.0,3.0,3.58
b6397d5c-6de8-4079-9b48-31d218c15cfd,0.0,2428.34,True,2649.88,2649.88,0,0,0,0,50,0,32,0,0,0,0,0,0,0,0,0,1,0,83,4.0,3.67,4.67,5.0,4.34
f248e0aa-78e4-4807-ac98-7e7f6a16532c,7.824,2524.196,True,2730.493,2722.669,0,0,0,2,64,0,34,0,0,0,0,0,0,1,0,2,9,0,110,4.0,4.0,5.0,4.0,4.25
997319ae-86c0-4c4e-895c-a446f8dc78e9,0.0,2858.178,True,3207.518,3207.518,0,3,1,6,63,2,34,0,0,0,2,0,0,6,0,2,1,0,110,3.67,3.67,4.0,4.0,3.84
139142bb-8cbf-4ef7-87fa-de2033fa78df,5293.545000000001,2460.2039999999997,True,7907.113,2613.5679999999993,9,5,4,7,56,4,35,0,0,0,21,0,0,0,0,2,27,0,145,3.0,3.0,3.67,3.0,3.17
796805fe-6c87-40fe-8dfe-e382ee779a73,480.949,2019.7140000000002,True,2745.883,2264.9339999999997,1,3,0,4,52,0,25,0,0,0,3,0,0,0,0,10,15,0,105,3.33,4.0,4.67,4.67,4.17
52f639e2-c3e6-4ae7-b900-61b7b3e776e0,0.0,2833.83,True,3081.716,3081.716,7,1,0,6,70,0,34,0,16,0,6,0,0,1,0,2,0,0,129,2.33,2.0,3.67,2.67,2.67
1b8f35e7-05e7-465a-894d-2b0f0ad53e0f,0.0,1743.057,True,2000.009,2000.009,0,1,0,3,51,0,29,0,0,0,0,0,0,2,0,0,1,0,83,3.67,3.33,4.0,4.0,3.75
cf4a8677-283e-4c70-b360-fbf238b7b45e,23.371,2056.685,True,2336.337,2312.966,0,0,0,0,44,0,18,0,0,0,0,0,0,0,0,0,3,0,65,3.67,5.0,5.0,5.0,4.67
1d89f1b0-920f-46bc-a86f-ad9f1a5acfd4,0.078,3257.655,True,4127.24,4127.161999999999,0,2,0,3,68,0,31,0,0,0,0,0,0,4,0,2,3,0,108,4.33,4.33,5.0,5.0,4.66
e96fdd5e-1e9c-4c90-8ab0-580e9851f46d,0.0,2859.585,True,3092.123,3092.123,40,13,9,14,71,18,59,0,0,25,38,0,0,4,0,6,0,0,221,2.33,1.33,3.33,2.33,2.33
05bd1f69-9a8e-43c7-a889-9a08ce6b1647,0.0,2030.235,True,2752.656,2752.656,0,3,1,3,69,6,25,0,0,0,0,3,0,1,0,0,1,0,105,3.33,3.0,3.0,3.0,3.08
35f2028d-2fcb-4831-bebc-1828b24985d1,0.0,4772.677,True,5502.149,5502.149,0,0,0,8,80,8,57,0,0,0,0,0,0,0,0,0,1,0,146,4.33,5.0,5.0,5.0,4.83
4e581ac3-a5e1-4ce8-8a00-e66a80cf35ce,15.207,1869.561,True,2773.102,2757.895,11,2,1,8,54,2,29,0,0,0,14,0,0,4,0,4,8,0,115,3.0,3.67,4.67,3.33,3.67
2716d80c-b949-4b30-a87b-abc50cba27c5,0.0,1897.902,True,2100.823,2100.823,21,16,12,20,47,90,25,0,0,4,1,0,0,0,0,12,1,0,180,1.0,1.0,1.67,1.0,1.17
8e1375e2-fafe-43dd-8bc4-20ae42adad19,402.534,1458.893,True,2085.956,1683.422,1,3,8,6,56,0,34,0,0,2,0,2,0,1,0,30,4,0,129,3.33,4.33,3.0,4.33,3.75
ff3a0d6c-e55f-4f4a-a936-b3d9c56e1c35,0.0,1428.517,True,1620.395,1620.395,1,0,0,2,34,0,22,0,0,0,3,0,0,0,0,0,1,0,60,3.0,3.67,5.0,3.0,3.67
3b565595-1b62-4686-83ff-7416693fd1b1,0.0,2143.909,True,2590.966,2590.966,0,0,0,4,43,4,26,0,0,0,0,0,0,0,0,0,0,0,73,4.0,5.0,4.67,5.0,4.67
f00020f7-4d82-4218-bd0b-8b653075e048,0.0,2124.29,True,2349.726,2349.726,2,1,1,9,53,2,26,0,0,0,3,0,0,4,0,8,1,0,97,3.33,5.0,5.0,5.0,4.58
79afe592-d05d-4d07-b1ae-f8dfebbd003d,0.0,4677.44,True,5621.664,5621.664,8,6,1,8,88,8,36,0,30,0,2,0,0,2,4,2,1,0,173,4.0,4.0,4.67,4.0,4.17
16f13f1d-4c39-461e-a16d-4484d4ac0b0a,0.0,3098.621,True,3323.319,3323.319,0,0,1,1,67,2,63,0,0,0,1,1,0,0,0,0,0,0,134,4.0,5.0,4.67,5.0,4.67
d24ba0da-8b85-4e38-9fcf-be3096ecc9aa,0.0,3908.934,True,5358.311,5358.311,6,1,0,8,77,6,39,0,8,0,0,0,0,0,7,0,0,0,137,4.67,4.33,5.0,5.0,4.75
2e25bc0a-7bca-4387-9468-baa412f00a41,0.0,3144.071,True,3359.003,3359.003,0,0,0,0,55,0,30,0,0,0,0,0,0,0,0,0,1,0,86,3.67,3.67,4.33,4.0,3.92
e8ab406a-5766-405f-8df7-6f9e585aa8db,1097.636,3879.75,True,5941.668,4844.031999999999,0,0,1,3,81,2,28,0,0,0,1,6,0,3,0,0,9,0,130,4.67,3.67,4.67,5.0,4.5
78206307-3a53-4e4b-aac4-b6c2bee05387,0.0,1727.187,True,2116.379,2116.379,0,1,0,0,51,0,26,0,0,0,0,0,0,1,0,0,0,0,78,4.67,4.33,2.67,5.0,4.17
e63642c0-4ce5-49b0-ba89-dec044814aa5,12025.994,4731.407999999999,True,17813.655,5787.660999999998,18,11,3,23,93,26,47,0,14,11,5,0,0,0,9,0,20,0,225,2.67,4.33,5.0,4.67,4.17
b7fa7823-1d6c-44ef-a9d2-cd8b0547b309,0.0,4408.929,True,5365.355,5365.355,0,0,0,0,84,0,40,0,0,0,0,0,0,0,0,0,1,0,125,5.0,5.0,4.67,5.0,4.92
c79485b0-009c-4067-9ec6-341ae8b4017a,0.0,1687.945,True,1851.415,1851.415,0,0,0,0,41,0,25,0,0,0,0,0,0,0,0,0,1,0,67,3.33,4.33,4.67,4.33,4.16
6b45465a-6c35-4baa-9534-a274c9e0c171,0.0,1850.256,True,2198.207,2198.207,2,4,1,6,46,2,28,0,0,0,4,0,0,4,0,6,1,0,91,3.33,5.0,5.0,5.0,4.58
82dc6279-9142-4df1-8c44-0f97d5ad3ab6,0.0,1105.179,True,1334.786,1334.786,4,6,2,7,42,0,23,0,0,11,0,0,0,0,0,16,1,0,93,4.0,4.0,3.33,4.0,3.83
72cb4702-313f-4070-ad32-5e5b4219d391,0.0,5056.772,True,5311.378,5311.378,0,0,0,7,61,4,27,0,0,0,2,0,0,0,0,2,1,0,97,4.33,4.67,4.67,5.0,4.67
7328117f-7b48-46d2-ab94-709c10180c55,1.228,3394.338,True,4284.441,4283.213,1,1,0,4,70,2,29,0,0,0,3,0,0,1,0,0,4,0,109,4.0,3.33,3.0,4.33,3.66
1015ebe6-39ff-4fb8-832f-3b9563661dea,100.934,3392.07,True,4687.866,4586.932,4,1,0,3,74,0,38,0,12,0,0,0,0,3,4,0,2,0,133,3.67,5.0,5.0,5.0,4.67
bf66c375-ba9e-4f25-9f4a-bc13a4913fd9,0.0,4032.429,True,4754.499,4754.499,0,0,0,3,82,0,48,0,0,0,0,2,0,0,0,6,1,0,139,2.0,3.0,4.0,3.0,3.0
efaada50-956a-417a-bf1f-07b962055767,4895.132,5607.4310000000005,True,10724.481,5829.349,8,2,6,18,71,14,34,0,6,8,5,0,0,1,2,8,10,0,159,3.67,4.67,4.67,4.67,4.42
79248345-4119-468f-af19-eaa559e2a12f,0.0,3715.512,True,3922.313,3922.313,6,0,0,5,65,2,16,0,0,0,0,0,0,1,4,0,0,0,88,3.67,3.33,4.33,4.0,3.83
084fa33f-a036-4a0f-8989-f56564b7b866,0.0,2807.557,True,3009.079,3009.079,6,3,7,1,65,0,34,0,0,3,0,0,0,1,0,26,1,0,130,3.0,2.33,2.67,2.67,2.67
65c5910f-a8ea-4794-a232-cb1055d6a130,0.0,411.571,True,657.833,657.833,9,11,9,1,44,0,127,0,0,0,5,0,0,0,0,76,1,0,253,3.67,3.33,3.33,5.0,3.83
4dcc2365-db81-403c-b708-6dbb804df755,2.807,2562.1270000000004,True,2749.318,2746.5110000000004,3,5,3,7,57,4,37,0,0,0,3,14,0,11,2,2,3,0,133,3.67,3.33,4.33,5.0,4.08
2d0cb41b-1ca3-4a24-882d-88a8d56dc5e9,0.0,1328.523,True,1530.787,1530.787,5,1,2,6,48,0,30,0,0,11,0,0,0,2,0,2,0,0,93,1.0,2.0,3.0,2.0,2.0
1bdfbd17-37ec-4989-8abe-4be5642d6759,0.0,2414.729,True,3362.1,3362.1,5,0,0,2,62,0,30,0,6,0,4,0,0,0,0,2,1,0,105,3.33,4.0,4.67,4.0,4.0
f2108f90-21af-4c50-b90d-0ec3c84388c1,0.0,3746.952,True,3949.511,3949.511,0,1,0,2,66,2,34,0,0,0,0,0,0,1,0,0,0,0,103,3.67,5.0,4.67,5.0,4.58
cf8efd5f-ccfb-48c2-9d8c-9c1a1a3fd00e,0.0,2641.76,True,2898.45,2898.45,6,1,0,4,58,0,25,0,0,8,0,0,0,1,0,12,0,0,104,4.0,3.67,4.0,5.0,4.17
614fd513-bc17-424d-8e1b-41ed5040b78d,0.0,1893.197,True,2080.021,2080.021,21,4,5,5,50,0,26,0,0,34,0,0,0,1,0,0,1,0,112,3.67,3.33,4.33,3.33,3.66
f4fada17-95af-4ae0-a003-6be34b305cdf,6.747,2088.52,True,2263.533,2256.786,9,2,1,10,55,8,58,0,4,0,5,8,0,5,0,6,3,0,152,5.0,5.0,5.0,5.0,5.0
c1dacf13-c5c4-4afd-8187-1030da4c78f0,1.168,1876.476,True,2083.079,2081.911,1,0,0,1,48,0,32,0,0,0,0,8,0,2,0,0,3,0,93,4.33,3.33,3.67,4.33,3.92
7c1fb65c-1eb9-43a6-9842-0d7a1542f2e7,0.529,1634.115,True,1844.276,1843.747,8,1,0,2,50,0,24,0,2,6,0,0,0,1,2,2,5,0,92,2.33,1.67,1.0,1.0,1.5
099a949f-f1d0-4b7d-adb6-502ef7141d55,0.0,1714.129,True,1931.271,1931.271,0,0,0,1,47,0,23,0,0,0,1,0,0,0,0,0,1,0,72,3.67,4.0,4.33,4.0,4.0
ff68d802-2ada-4703-b31a-8632a99ca967,0.0,1478.252,True,1693.897,1693.897,6,3,0,7,46,4,54,0,0,0,11,0,0,1,0,0,1,0,117,4.33,4.0,2.0,4.33,3.66
e9190a4e-55bc-4aa5-aa45-8479a274924a,0.0,2053.082,True,2441.58,2441.58,1,2,0,4,53,0,20,0,6,0,2,0,0,2,0,2,0,0,85,2.67,3.33,4.0,4.0,3.5
cc91ce18-6340-4907-9a9c-95ea97ae13b6,0.0,1442.658,True,1621.372,1621.372,2,4,4,3,49,0,33,0,0,4,9,2,0,1,0,2,1,0,101,2.67,3.0,4.67,4.0,3.58
0383caa2-4812-4f67-98d3-a63cbc7e413c,0.0,369.282,True,1143.562,1143.562,18,16,10,3,48,0,26,0,0,12,0,0,0,0,0,72,1,0,159,3.67,4.0,4.67,4.0,4.08
51789051-a03c-4012-81c5-a40f7e66fe61,123.157,1758.288,True,2084.934,1961.7770000000003,4,7,0,12,49,6,26,0,4,0,1,0,0,0,4,28,4,0,122,4.33,2.67,4.33,4.33,3.92
ad43f2ec-5d30-43a9-afee-01b7f93e5472,0.0,2039.761,True,2242.359,2242.359,0,0,0,2,47,0,17,0,0,0,0,0,0,2,0,0,0,0,66,3.67,4.0,4.0,4.0,3.92
271f7cd0-9f42-40bf-a080-df169059ae54,7339.772,1993.845,True,9623.056,2283.2840000000006,1,2,2,3,50,0,24,0,0,0,2,1,0,1,0,10,3,0,91,3.0,3.67,4.0,4.0,3.67
b514d3e0-d191-4d7c-bb22-4f783819da2e,103.78,1945.239,True,2509.443,2405.663,1,0,1,1,49,2,23,0,0,0,0,6,0,2,0,0,7,0,89,3.33,4.33,4.33,4.0,4.0
eb9e50ff-ee31-4909-94c3-65d348d91c87,0.466,2657.073,True,2855.069,2854.603,0,1,0,0,56,0,29,0,0,0,0,0,0,1,0,0,6,0,92,3.33,2.67,4.33,3.33,3.42
452d8de6-7309-4bef-957d-997d263adba6,0.0,1596.151,True,2617.869,2617.869,2,0,0,2,55,2,22,0,0,1,0,0,0,1,0,0,1,0,82,3.33,3.0,4.33,3.33,3.5
6f0799a4-b193-45b4-8a40-65b7b2c7201e,240.25,3539.598,True,4073.543,3833.293,3,2,2,10,80,0,41,0,8,3,0,0,0,0,1,22,2,0,157,2.67,3.0,4.67,3.0,3.34
e1f801d3-91e8-4a01-80d9-e544fd4bb9f9,0.0,3926.346,True,4559.512,4559.512,9,6,2,7,78,6,42,0,4,1,5,0,0,0,3,0,1,0,140,3.67,4.0,5.0,5.0,4.42
215abb87-c5fe-4116-abf5-2685aad22176,0.251,3122.797,True,3322.211,3321.9599999999996,0,0,0,1,67,0,33,0,0,0,0,0,0,1,0,0,4,0,105,4.0,4.33,5.0,5.0,4.58
6ec93c6b-40d6-48a0-af07-3a70555e51fc,4.345,1757.2379999999998,True,1952.029,1947.684,4,4,6,4,52,4,35,0,6,2,2,0,0,2,0,24,12,0,139,3.0,4.67,4.0,4.33,4.0
df3d1c3a-4559-4a13-9cef-dfa545380c3a,0.0,1548.911,True,1916.748,1916.748,2,1,0,1,38,0,18,0,0,3,1,2,0,0,0,0,1,0,63,3.0,3.33,4.0,4.0,3.58
0e311de3-5430-4d17-9b40-74d4f3629f95,7528.577,1153.35,True,9070.317,1541.7399999999989,15,2,2,5,79,2,13,0,38,1,0,1,0,1,0,4,5,0,144,5.0,4.67,3.67,4.67,4.5
d8ff6875-cc57-4a83-92f6-de3e79e7b182,313.51300000000003,497.078,True,1268.675,955.1619999999999,19,16,7,2,41,0,82,0,0,157,1,0,0,1,0,2,13,0,297,3.67,2.33,3.0,3.0,3.0
e6215b6b-5df6-46b6-9ffe-bb07679cd19d,0.0,4317.131,True,4575.633,4575.633,0,0,0,0,78,0,109,0,0,0,0,2,0,0,0,0,1,0,190,3.67,4.0,4.0,4.33,4.0
60f1cbdf-1418-4404-be3f-a3cb01d25193,0.0,2648.924,True,3490.124,3490.124,3,8,5,5,71,6,37,0,12,0,2,0,0,4,0,22,0,0,154,2.67,3.0,3.0,3.0,2.92
06c83dd4-dc43-4457-8759-889dbd982c54,0.0,2028.836,True,2246.894,2246.894,1,6,5,5,64,6,37,0,0,0,0,0,0,0,1,20,1,0,129,3.67,4.0,4.33,4.33,4.08
1fc774b4-37a3-43e9-b806-5b1ad2361c99,0.0,2133.497,True,2345.345,2345.345,0,1,1,4,47,6,23,0,0,0,0,0,0,0,0,0,0,0,76,2.67,2.33,3.0,3.33,2.83
24aa23ce-d666-4508-8169-852fb26456ef,0.0,3527.517,True,4361.994,4361.994,1,0,0,1,67,0,32,0,0,0,2,0,0,0,0,0,1,0,102,2.0,2.33,3.67,2.67,2.67
5011d48f-28ea-45dc-8087-d008575440bf,872.682,2453.0330000000004,True,3994.118,3121.4359999999997,3,1,0,8,55,6,19,0,4,0,3,0,0,1,0,0,7,0,95,3.33,3.33,4.67,5.0,4.08
7bef06db-5111-4754-8108-f013f084f3cf,0.0,2925.256,True,3160.604,3160.604,1,1,0,3,59,0,23,0,0,0,1,0,0,4,0,0,0,0,87,3.67,4.0,4.33,4.67,4.17
b3e0105a-657b-4a48-bb92-48916d7d79a0,0.0,2560.7,True,2752.707,2752.707,3,3,1,4,59,2,32,0,0,0,5,0,0,1,0,8,1,0,108,2.0,3.0,3.67,1.0,2.42
1f9b5166-3aba-46e1-bd5d-90496c428e24,209.978,2389.292,True,3264.28,3054.302,0,0,0,4,44,4,18,0,0,0,0,0,0,0,0,0,3,0,69,3.67,3.33,5.0,4.0,4.0
8cc747a2-6d3d-422b-8c63-57304cd34f92,513.68,4056.61,True,4841.125,4327.445,4,2,2,5,87,0,33,0,30,0,2,0,0,1,0,8,2,0,163,3.33,3.67,3.33,3.67,3.5
c78c3672-ea83-4ecd-8422-2899b2750e55,0.0,584.945,True,697.625,697.625,42,22,10,4,54,0,54,0,8,1,67,0,0,0,0,28,1,0,213,3.0,3.0,3.0,3.0,3.0
07398040-e908-4514-9ba2-242cd70b73db,0.0,4317.347,True,4526.562,4526.562,1,0,0,2,80,0,48,0,0,0,0,0,0,0,0,0,1,0,129,3.33,4.33,5.0,5.0,4.42
e377c812-99c2-4cde-ae89-ead1e60f01b4,0.0,3735.608,True,4247.314,4247.314,15,13,10,13,68,2,40,0,0,44,0,0,0,1,1,10,1,0,167,4.67,4.67,4.67,5.0,4.75
afb10af3-221d-4beb-bec1-5723a82a0d05,0.0,2066.654,True,2338.397,2338.397,0,1,0,3,47,0,31,0,0,4,0,0,0,0,0,0,0,0,82,2.0,4.0,4.33,4.67,3.75
a6b066e5-e511-4479-a72a-86aeb359db04,0.0,3108.927,True,3323.411,3323.411,0,0,0,2,57,2,26,0,0,0,0,0,0,0,0,0,1,0,86,3.0,3.67,3.67,3.67,3.5
6eb6b324-ac1a-404c-b02e-0705a912f859,0.0,3697.655,True,4406.626,4406.626,0,1,2,2,69,4,29,0,0,0,0,0,0,1,0,0,0,0,103,5.0,5.0,5.0,5.0,5.0
96f4a73b-e984-4f7b-ad55-5331d9f406ca,0.0,2900.903,True,3563.748,3563.748,1,2,1,4,55,2,29,0,0,10,0,0,0,2,0,0,0,0,98,4.67,2.33,4.67,4.33,4.0
458f6009-1897-4634-95ab-12b0f66af970,0.559,2708.778,True,2977.039,2976.48,0,0,2,8,55,8,27,0,0,0,0,0,0,2,0,0,2,0,94,5.0,4.67,5.0,5.0,4.92
b44220e3-cc12-442e-b08f-338b56538a17,0.615,3877.0800000000004,True,4840.452,4839.837,0,1,0,1,77,0,43,0,0,0,1,0,0,1,0,0,2,0,124,4.67,4.67,4.0,5.0,4.58
99dc2f5b-64f2-4cd6-9bf7-ad775a3f069c,4434.756,1989.7969999999998,True,6867.688,2432.932,1,0,0,5,55,4,31,0,0,0,0,0,0,0,0,4,32,0,126,4.67,4.0,4.67,5.0,4.58
1ca486d4-916b-4aa5-be8d-6f9591039217,8356.567000000001,2377.3859999999986,True,10956.121,2599.5539999999983,0,0,0,4,50,4,22,0,0,0,0,0,0,0,0,0,9,0,85,3.67,3.67,3.33,4.33,3.75
79a5eba0-b0f8-42b5-80b4-a4a2cb683c28,0.0,2019.524,True,3004.304,3004.304,1,0,1,2,58,2,14,0,0,0,0,0,0,0,0,4,1,0,79,2.67,2.67,3.33,3.0,2.92
14a6cb25-2358-42ec-88f5-7c3701e3eaff,0.0,4435.978,True,5207.052,5207.052,3,1,0,8,69,4,29,0,0,1,5,0,0,2,0,2,0,0,112,3.0,5.0,5.0,5.0,4.5
1f71aafb-b16d-487c-a705-5eb2af18221c,51.051,3799.079,True,4223.987,4172.936,4,5,7,9,66,10,36,0,4,3,0,0,0,4,5,2,7,0,137,4.33,5.0,5.0,5.0,4.83
8c49715c-8769-4e5e-81cc-d8eae20fe14d,0.0,1624.003,True,1868.103,1868.103,0,0,3,3,47,0,19,0,0,0,1,0,0,2,0,6,1,0,76,2.0,2.67,3.67,2.67,2.75
fa00cfc3-30bb-42a8-988f-26708f26ed0d,0.0,2705.06,True,2929.76,2929.76,11,3,3,5,62,4,31,0,14,11,0,0,0,1,3,0,0,0,126,4.67,3.67,4.67,5.0,4.5
92f95c4f-41a0-4654-abf2-a6155849d63c,0.0,4366.448,True,5536.591,5536.591,16,7,1,15,98,12,44,0,42,7,1,0,0,6,3,2,1,0,216,3.67,4.0,4.33,4.0,4.0
e8c37d25-04c0-45bb-9a79-f15aa3212d77,10.960999999999999,2789.4190000000003,True,9854.127,9843.166000000001,4,10,11,22,79,2,43,0,0,0,0,0,0,0,1,88,7,0,220,4.0,4.67,4.33,5.0,4.5
8bd24b47-c1ee-4d71-8105-2a3fd5cfa094,0.0,4954.602,True,5894.38,5894.38,13,11,6,40,72,86,35,0,12,0,19,0,0,2,0,0,0,0,226,4.33,4.67,4.33,5.0,4.58
cfdc4240-3ce6-4601-8b2b-7e1b907c0d29,11.868,1717.183,True,1952.799,1940.931,6,0,0,2,51,0,35,0,4,0,3,7,0,2,0,2,3,0,107,2.67,4.0,4.67,3.67,3.75
128eefd4-f54f-4f33-9520-813144b48c56,1098.6200000000001,545.942,True,2125.39,1026.7699999999998,5,8,18,5,48,4,28,0,0,0,0,8,0,3,0,58,5,0,154,4.0,5.0,5.0,5.0,4.75
da926e04-a73b-4ed3-b00b-81b727c248a6,0.0,2410.201,True,3145.46,3145.46,5,1,1,3,60,0,26,0,6,0,4,0,0,0,3,10,0,0,109,3.33,4.0,4.0,5.0,4.08
8d5932eb-1254-446b-afea-f58523d6f5c6,0.0,2529.12,True,3528.463,3528.463,1,0,0,1,63,0,31,0,0,0,0,0,0,2,0,0,0,0,96,3.33,3.67,4.33,3.67,3.75
a967eeb9-b21c-405a-bee2-0f137e06ec9e,0.584,2324.492,True,2555.234,2554.65,0,0,0,0,54,0,20,0,0,0,0,0,0,0,0,0,2,0,76,4.0,3.0,3.33,4.67,3.75
58c5feec-7fe2-4253-9d8d-52cc8872a5fe,0.0,1637.421,True,1938.956,1938.956,1,1,1,0,49,2,27,0,0,0,0,2,0,1,0,0,1,0,82,4.33,3.67,4.0,4.67,4.17
0b45d385-c9d6-4d1b-8b77-5188b6704113,0.0,1261.576,True,1976.946,1976.946,2,2,5,5,44,0,25,0,4,0,0,0,0,0,0,24,1,0,98,3.67,4.0,4.67,4.33,4.17
b8b33c7b-74d8-47fd-8441-681d1576880f,0.0,4440.394,True,5564.738,5564.738,1,0,2,11,86,8,48,0,0,3,0,0,0,3,0,2,0,0,150,3.33,5.0,4.33,5.0,4.42
77a1448d-7428-4388-933f-0ca66e21d0cc,0.0,2879.678,True,3877.793,3877.793,0,0,0,0,67,0,27,0,0,0,0,0,0,0,0,0,1,0,95,3.67,5.0,5.0,4.67,4.58
fbcb7c0c-cc3e-4fcd-b377-ccbcd9e3e072,270.303,2222.288,True,3247.684,2977.3810000000003,0,0,0,0,58,0,22,0,0,0,0,0,0,0,0,0,10,0,90,4.33,3.33,3.33,4.0,3.75
b7f7c36b-1688-4b5f-82cc-67e421e767b9,0.0,4863.128,True,5501.704,5501.704,21,5,1,13,73,16,35,0,4,1,10,0,0,1,2,22,0,0,164,2.33,3.33,3.67,3.67,3.25
7d701696-772b-4380-a45a-0327f90e4c59,0.0,1681.881,True,1884.64,1884.64,6,4,3,8,52,8,33,0,10,0,5,0,0,3,0,0,0,0,111,4.0,4.33,5.0,4.33,4.42
3a253211-3fe3-4f0b-ba0c-a460221cf9b8,1003.24,4288.455,True,6578.025,5574.785,5,3,1,11,88,4,43,0,6,1,5,0,0,6,3,0,4,0,160,3.67,3.67,4.67,5.0,4.25
70c013a1-d368-40d1-9b27-29dbbda5079e,102.716,3870.661,True,4872.803,4770.0869999999995,9,3,1,4,87,6,53,0,14,0,1,9,0,5,1,2,3,0,181,4.67,5.0,4.33,5.0,4.75
ec80c170-1121-47a9-8f87-de04d30e3195,5316.501,3393.417,True,9387.328,4070.8269999999993,2,5,2,7,74,8,94,0,2,0,1,4,0,7,2,0,9,0,201,5.0,5.0,4.33,5.0,4.83
41220b52-d5bf-437c-9585-4777f0cbe6c0,7766.52,4217.768,True,13267.702,5501.181999999999,0,0,0,4,90,2,46,0,0,0,0,0,0,2,0,0,4,0,144,4.33,3.33,5.0,5.0,4.42
2d06db04-f695-4147-acbe-a6a70206c969,0.0,1963.958,True,2205.394,2205.394,0,0,1,0,52,0,27,0,0,0,0,0,0,1,0,0,1,0,81,3.0,3.0,5.0,3.67,3.67
5bddd243-786b-4a16-9b64-cee69771c4f5,0.0,3009.92,True,3261.007,3261.007,21,9,7,15,69,2,46,0,6,8,0,0,0,17,4,36,0,0,188,3.0,3.0,3.33,2.67,3.0
c866ef84-49f8-4abe-a65a-e49f7b888811,0.0,2148.103,True,2336.132,2336.132,2,2,1,4,56,0,30,0,0,0,5,0,0,2,0,0,0,0,93,2.33,2.67,4.0,3.33,3.08
e013b70c-120d-4744-85f0-8b90a7a37e1e,0.0,1390.121,True,1641.542,1641.542,5,2,1,7,48,0,28,0,0,0,9,0,0,0,0,4,0,0,89,2.67,3.67,2.33,4.0,3.17
4c6fc231-4c4c-405e-9c41-d1710a1ba376,0.0,1260.767,True,1576.692,1576.692,7,10,1,6,43,2,30,0,2,0,18,2,0,5,0,0,0,0,102,3.67,4.67,5.0,5.0,4.58
5cf18169-6f6d-4a3e-8867-cffbdcdc5ae2,20.33,2892.153,True,3177.393,3157.063,7,3,1,4,65,4,22,0,6,0,0,0,0,5,1,6,4,0,113,3.33,3.67,5.0,4.0,4.0
979cff05-99bb-43e9-b37b-00afc563892f,0.0,4014.362,True,5153.772,5153.772,4,0,0,11,80,0,43,0,0,3,9,0,0,2,1,0,0,0,138,4.0,3.0,4.33,4.0,3.83
7d7e15a4-102f-4362-a1e2-25fb5509a5af,0.0,2713.748,True,3015.73,3015.73,2,1,2,4,50,8,25,0,0,0,0,0,0,1,0,0,0,0,84,4.0,4.0,2.0,5.0,3.75
bb63f9e2-27fd-447b-8014-4b9362909cf2,5146.346,2096.8200000000006,True,7453.657,2307.3110000000006,2,3,0,7,53,2,29,0,0,6,0,0,0,4,0,0,6,0,100,3.0,3.0,3.0,4.33,3.33
ba30c161-aa67-479e-9766-292a03363827,106.816,4609.587,True,5206.765,5099.9490000000005,4,2,0,8,74,4,32,0,4,0,0,0,0,4,3,0,4,0,125,4.33,5.0,4.33,5.0,4.66
e28314fe-b34c-450c-abef-eb9578c8bb9b,0.0,3591.746,True,4395.954,4395.954,8,2,1,4,75,2,76,0,0,7,3,0,0,2,1,0,1,0,167,3.67,4.33,5.0,4.33,4.33
32309602-6dab-4c56-8983-c9a0850cb484,0.0,2759.905,True,2956.616,2956.616,2,1,0,3,60,0,34,0,0,2,0,0,0,2,0,0,0,0,98,3.0,4.0,5.0,4.67,4.17
819c4d1f-b451-4423-8095-a371b5e3f811,0.0,3002.318,True,4099.552,4099.552,0,1,1,2,68,2,35,0,0,0,0,0,0,2,0,0,1,0,108,4.33,3.67,5.0,4.67,4.42
6902b7a6-1439-41d1-b19a-ac062b9a9779,0.0,3542.132,True,3776.845,3776.845,1,0,0,4,66,0,35,0,0,0,0,0,0,2,0,0,0,0,103,5.0,5.0,5.0,5.0,5.0
7bcf1fe9-8649-469f-96da-0b04d2eee12d,0.0,2216.21,True,2719.663,2719.663,7,3,3,12,70,3,43,0,0,0,0,0,0,0,0,46,1,0,163,3.33,3.33,4.0,3.33,3.5
2a2558ec-3be0-4611-9f8a-95a52c35bfbb,0.0,3742.135,True,3949.851,3949.851,1,3,0,5,65,4,36,0,2,0,0,0,0,0,0,10,0,0,117,2.67,4.33,4.33,4.0,3.83
3447461f-7258-4487-ba03-1da974d8762c,0.0,2638.194,True,3069.195,3069.195,0,0,0,0,61,0,34,0,0,0,0,0,0,0,0,0,1,0,96,4.0,3.67,4.0,4.0,3.92
99d9d670-da4a-429f-bc3d-40c7f9ff0936,0.561,571.711,True,807.83,807.269,7,7,6,5,38,0,18,0,0,1,4,0,0,0,0,40,2,0,103,1.67,3.33,4.33,3.33,3.16
e401cc87-b074-4fdd-aac1-9c95a2ca2db8,12640.952000000001,349.0699999999997,True,13244.387,603.4349999999995,9,6,6,3,28,2,15,0,4,1,5,0,0,0,1,26,7,0,89,2.0,3.0,3.0,2.33,2.58
b41a9061-8516-4a1c-9623-32ae77e7a00b,0.0,2379.209,True,2586.023,2586.023,1,0,0,1,52,0,25,0,0,0,0,0,0,2,0,0,1,0,80,3.0,3.0,5.0,4.0,3.75
3d52248c-aece-46a7-81aa-726e28465049,0.0,3688.965,True,3897.333,3897.333,0,0,0,1,66,0,38,0,0,0,0,0,0,1,0,0,1,0,106,5.0,5.0,5.0,5.0,5.0
f0a04839-8b8e-4ee0-a34e-b5b2cf5d3d39,0.0,701.318,True,1343.046,1343.046,2,5,10,7,45,0,22,0,0,0,0,0,0,0,0,48,1,0,116,3.67,3.0,4.33,4.0,3.75
3c121f7f-f311-4d3c-a715-bc2d678f763c,987.308,2774.264,True,3962.294,2974.986,3,1,2,10,56,4,35,0,6,8,0,0,0,0,0,14,12,0,135,3.33,4.0,4.33,5.0,4.16
6397aa71-0b1d-43ab-a2f9-e4afd2cff3f9,0.0,1997.604,True,2232.296,2232.296,6,2,1,4,54,0,164,0,0,0,9,0,0,2,12,0,1,0,242,3.0,5.0,5.0,5.0,4.5
3c27c9fb-411c-4a63-92a1-81e612a23c20,22.448999999999998,716.413,True,1146.545,1124.096,11,9,10,7,48,0,25,0,2,0,13,0,0,0,0,42,6,0,136,3.67,4.33,2.33,4.0,3.58
c6e5dca2-4768-4027-8062-435fddea3e37,0.0,4024.412,True,4321.01,4321.01,0,0,0,3,61,2,42,0,0,0,0,0,0,0,0,0,1,0,106,1.0,4.33,5.0,5.0,3.83
8e4e399a-c8c1-42fe-b9aa-053656f3e2e4,0.0,3824.253,True,4890.35,4890.35,0,0,0,2,79,0,33,0,0,0,0,0,0,2,0,0,0,0,114,4.67,3.33,4.33,3.0,3.83
cf26882f-d93e-4c32-9449-958c5747a6c0,330.34700000000004,2527.182,True,3813.467,3483.12,0,1,1,7,59,6,27,0,0,1,0,0,0,1,1,0,9,0,104,3.67,4.0,4.0,5.0,4.17
05573f3b-c211-4f3a-8d5c-c7a7b9294422,0.0,987.239,True,2835.691,2835.691,3,2,0,4,49,0,12,0,12,0,0,6,0,2,0,4,3,0,88,1.0,1.0,1.0,1.0,1.0
1ee5fd42-9d83-4358-a2ce-932c57c4273c,0.0,3957.048,True,4145.842,4145.842,3,3,0,9,77,0,52,0,0,0,0,0,0,1,0,20,0,0,150,3.67,4.0,4.67,4.0,4.08
951174f3-5b43-4c95-ba71-83d2ed645670,0.0,1250.679,True,1687.981,1687.981,5,8,6,7,48,0,34,0,0,3,0,0,0,0,0,46,0,0,131,3.67,4.0,5.0,4.67,4.34
3d67c21e-de79-48b6-a6eb-e981bc887953,3.315,3088.941,True,3972.841,3969.526,0,2,2,4,62,8,29,0,0,0,0,0,0,0,0,2,2,0,103,4.0,3.67,5.0,5.0,4.42
4341db6b-74a3-4860-9079-9bfdb001d127,0.0,1712.481,True,2821.831,2821.831,1,1,1,9,50,2,36,0,0,0,0,0,0,0,0,20,1,0,109,3.0,4.33,5.0,5.0,4.33
30af3766-af9c-41ae-85ce-0e3a0fcedc84,0.0,2201.152,True,2447.372,2447.372,0,5,0,6,51,4,26,0,0,2,2,6,0,3,0,0,1,0,95,4.67,5.0,5.0,5.0,4.92
efa19ea3-1de1-4f59-8c02-e84cc1404a16,99.045,1780.956,True,2238.855,2139.81,10,3,2,11,52,6,13,0,20,0,7,0,0,5,0,6,3,0,112,3.0,3.33,2.67,4.0,3.25
ae8b2306-5d43-4820-b140-d60617ed9587,0.576,3272.634,True,3959.969,3959.393,0,0,0,6,65,4,28,0,0,0,1,0,0,1,0,0,2,0,101,4.33,4.0,5.0,4.67,4.5
61ddf8f3-b703-42d9-8bb0-f85992f78b81,14.965,2820.047,True,3065.751,3050.786,6,3,1,11,68,0,44,0,0,4,1,5,0,3,2,22,2,0,151,3.0,3.33,3.0,4.33,3.42
d8f48c66-163f-4d07-a0b4-16f68d63a19d,0.0,4018.162,True,4243.058,4243.058,13,0,0,4,74,2,39,0,0,0,14,0,0,2,0,0,0,0,131,3.67,5.0,3.67,5.0,4.34
4dc82e17-7379-4798-97cf-e9f6bfa0e5d4,285.847,3423.648,True,3869.053,3583.206,6,1,1,6,66,0,75,0,0,0,6,0,0,0,0,0,13,0,160,3.33,4.0,5.0,5.0,4.33
61fda73e-af5a-4170-a84c-eedc6535864c,0.0,1391.697,True,1581.734,1581.734,2,0,6,8,44,2,31,0,0,0,0,0,0,2,0,14,0,0,93,2.33,3.33,4.0,3.33,3.25
0ce462c0-a33c-440b-986a-aa652e8f7726,0.0,2544.888,True,2734.233,2734.233,0,1,0,1,54,0,26,0,0,0,0,1,0,1,0,2,1,0,85,4.0,3.0,5.0,3.0,3.75
99a32a4a-ff15-46bb-859b-e10da0b89713,0.0,1965.476,True,2179.611,2179.611,9,14,7,14,51,4,34,0,4,22,13,0,0,0,0,6,1,0,135,3.33,3.67,3.67,4.0,3.67
fc2b00e8-9d6b-4b31-b25c-0ba3c2d77705,0.0,450.081,True,631.906,631.906,16,20,6,4,42,0,180,0,0,0,9,0,0,0,0,74,1,0,306,1.0,1.0,3.0,1.33,1.58
bf314dc2-549d-43d5-9a5d-96b74694e768,1504.9800000000002,2683.91,True,5288.573,3783.593,2,0,0,2,70,0,32,0,6,4,0,0,0,0,0,2,28,0,142,1.0,3.0,3.0,3.0,2.5
4fede265-3d84-4cd4-8812-1195b119e777,80.42099999999999,1719.0900000000001,True,2685.389,2604.9680000000003,2,0,0,1,51,0,25,0,0,2,1,0,0,0,0,0,9,0,88,4.0,4.33,3.33,4.0,3.92
d73082e4-ce68-48b2-8e11-1fc9d4e846d5,0.0,3982.455,True,4977.617,4977.617,0,0,0,2,74,2,40,0,0,0,0,0,0,0,0,0,1,0,117,3.67,3.0,4.0,3.0,3.42
aac83b03-352c-4c05-99cd-49370174e6e4,0.0,4550.342,True,5699.448,5699.448,6,3,4,11,82,4,37,0,0,0,3,0,0,4,0,0,0,0,130,3.67,4.33,4.33,4.67,4.25
330fdbd4-e005-476b-8999-d245adc22809,0.0,3758.815,True,4774.684,4774.684,3,4,0,4,67,8,56,0,2,0,4,0,0,0,0,0,0,0,137,1.67,3.0,3.33,3.0,2.75
4162b4e5-653e-476e-835b-ffb54591a101,0.0,1746.585,True,1976.169,1976.169,0,0,0,3,44,0,26,0,0,0,1,2,0,2,0,0,1,0,76,4.0,4.0,4.33,3.33,3.92
db7961e2-f4cf-4b7c-bd7b-9b6e71a0d177,0.0,1213.288,True,1363.433,1363.433,31,15,4,5,53,0,37,0,8,55,0,0,0,0,0,14,0,0,167,1.67,2.33,4.67,4.0,3.17
a74fb314-e904-4ddf-b9f5-d3b7bd518bcd,0.555,5098.991999999999,True,5763.061,5762.505999999999,0,0,0,4,85,4,46,0,0,0,0,0,0,0,0,0,7,0,142,3.67,3.33,4.67,4.33,4.0
9b1f39c7-d776-420a-b921-e776e0b6319d,58.664,1630.094,True,1877.465,1818.801,2,1,0,5,34,4,21,0,0,0,0,0,0,0,5,0,16,0,80,1.0,1.67,2.33,2.33,1.83
526e7964-1d7c-4cd3-b6d1-0c47ae685c16,8.786,4380.997,True,4611.249,4602.463,1,0,0,2,57,4,32,0,0,0,0,0,0,0,0,0,2,0,95,3.0,4.0,5.0,4.33,4.08
f18c6061-8f6e-42ff-a019-de3162ee0029,0.0,1864.943,True,2069.469,2069.469,11,2,3,8,47,16,22,0,0,6,0,0,0,0,0,4,0,0,95,2.67,3.33,4.67,4.0,3.67
dcb98b8d-5c68-405f-aefa-601c217b408a,0.0,845.57,True,1009.179,1009.179,26,8,5,5,40,0,34,0,0,37,0,0,0,2,0,12,0,0,125,2.67,3.0,3.33,3.0,3.0
e1a7fd20-2768-444f-80a9-82aaf860e084,29.336,875.317,True,1176.933,1147.597,1,1,0,2,47,0,8,0,6,0,0,6,0,2,0,0,3,0,72,3.67,4.67,5.0,4.67,4.5
10fe1ed7-ae73-495e-9e9c-c58399e3197d,0.0,1910.971,True,2179.828,2179.828,1,0,1,1,50,0,25,0,2,0,1,4,0,1,0,0,1,0,84,3.67,3.33,1.67,2.67,2.84
924a06d6-7046-4c98-9c48-f8ce0a0f128e,0.121,553.428,True,3702.591,3702.47,3,2,3,4,38,4,16,0,0,0,0,0,0,0,1,14,2,0,75,3.0,4.33,3.33,3.67,3.58
d456eb03-b853-401f-905b-4d2d94145b53,2.426,1748.927,True,2538.726,2536.3,7,2,2,7,58,0,37,0,0,8,6,0,0,0,0,8,5,0,122,2.67,2.67,3.67,2.67,2.92
cecca793-0e7c-46be-8b96-ef0f2c89741f,299.74,3763.945,True,4383.791,4084.0510000000004,1,0,0,2,74,0,30,0,6,0,0,0,0,1,0,0,2,0,113,4.0,4.67,4.0,4.67,4.34
48e3dabd-1a58-484c-882e-47ac45c116e6,0.0,3160.945,True,3520.997,3520.997,0,0,0,2,59,2,26,0,0,0,0,0,0,0,0,0,1,0,88,4.0,5.0,5.0,5.0,4.75
80702cb8-cfbe-470e-8c0f-9a4474bedd86,61.275000000000006,370.23199999999997,True,740.851,679.576,54,16,16,2,46,20,36,0,0,0,61,0,0,0,0,46,29,0,238,2.0,3.67,2.33,2.67,2.67
560bf2e9-a333-4cf9-a0e6-628f52a573e7,0.0,1285.45,True,2379.072,2379.072,4,1,2,5,34,4,16,0,0,4,0,0,0,0,0,2,1,0,61,4.0,4.0,4.33,5.0,4.33
fa53e972-9882-4067-919f-d47e659b8958,0.0,1545.02,True,2049.142,2049.142,10,1,5,13,54,2,29,0,0,45,0,0,0,1,0,12,0,0,143,5.0,5.0,3.33,3.67,4.25
3300fcc9-7164-42e1-8b02-0d1bb07b12ba,0.0,1885.232,True,2142.565,2142.565,0,0,0,0,39,0,17,0,0,0,0,0,0,0,0,0,0,0,56,2.33,2.67,2.0,2.33,2.33
4717c3ad-e85d-459a-b2e2-2e502c2ea3b7,0.0,800.549,True,1212.786,1212.786,6,7,3,11,45,0,26,0,0,2,0,0,0,0,0,50,1,0,124,4.0,4.33,4.67,5.0,4.5
e9a17358-51bb-4080-8faa-cffb7a534251,0.0,2220.604,True,3004.122,3004.122,1,0,0,3,61,0,38,0,0,0,0,0,0,0,0,8,1,0,108,4.0,4.0,4.0,4.0,4.0
38e15e63-be6e-43e6-b9cc-547168c59c16,0.0,2757.066,True,2987.407,2987.407,4,1,0,6,61,0,25,0,0,0,7,0,0,0,4,0,0,0,97,5.0,3.67,4.33,4.67,4.42
e85ecf74-3f12-43fe-9d22-c9b23c364844,0.0,1720.323,True,2095.625,2095.625,3,6,4,7,53,0,54,0,0,0,0,0,0,0,0,40,1,0,148,4.33,4.67,4.33,5.0,4.58
63de7ac0-bbcf-4bcc-bd89-3ea3cedc5bab,13.34,2716.116,True,2921.7,2908.3599999999997,1,0,2,4,59,4,31,0,0,0,3,0,0,0,0,0,4,0,101,4.0,2.33,3.67,2.33,3.08
6411237f-258a-49da-82ca-5571c098a475,0.0,1514.374,True,1699.2,1699.2,0,0,0,1,49,0,23,0,0,0,1,0,0,0,0,0,0,0,73,1.0,2.67,4.0,2.0,2.42
431f9503-0a0a-4ed2-955c-bd2c122fb3ba,105.746,3758.538,True,4103.346,3997.5999999999995,0,3,2,6,66,6,34,0,0,0,0,0,0,0,0,10,2,0,118,2.0,2.0,1.67,2.0,1.92
058f71ae-1e1a-4dac-b8f9-23f2921baef3,1234.179,2542.321,True,4730.636,3496.4570000000003,6,6,11,20,75,16,46,0,0,0,1,0,0,0,2,48,9,0,197,3.67,4.67,4.67,4.67,4.42
bb29e44a-a709-4318-8e47-e693efd2114b,10.33,3112.789,True,5527.527,5517.197,0,0,0,1,63,0,49,0,0,0,1,0,0,0,0,0,7,0,120,4.33,5.0,5.0,5.0,4.83
eae918e5-cfc2-4a92-a6ea-56abf20a243c,0.0,1976.992,True,2659.181,2659.181,2,4,9,9,65,0,40,0,0,0,0,0,0,0,0,48,1,0,154,3.67,4.0,4.0,4.33,4.0
549800c5-2a5e-439e-84eb-9db7fac55935,42727.388,2946.333,True,46219.176,3491.7880000000005,0,0,0,0,64,0,34,0,0,0,0,8,0,0,0,0,3,0,109,5.0,3.67,3.67,4.67,4.25
c3c3ff07-9f63-4167-b113-64af6a53602b,1713.576,2039.341,True,3990.849,2277.273,6,1,3,10,57,4,27,0,14,0,0,25,0,4,3,8,8,0,150,1.33,3.0,3.0,3.0,2.58
115b8582-535f-4585-b162-28f4f4c9e80d,23.171,4069.547,True,5068.675,5045.504,0,1,0,1,83,0,42,0,0,0,1,2,0,1,0,0,3,0,132,3.33,4.0,4.33,4.67,4.08
c15e6bc8-9998-43ed-a9fe-de40af09f6ba,0.0,2608.288,True,3026.707,3026.707,6,0,0,3,60,0,25,0,0,0,8,0,0,0,0,2,0,0,95,2.33,3.67,4.33,5.0,3.83
7deecb2d-1bf9-46e2-8a3c-c7edf41cacf9,0.0,4562.668,True,16160.032,16160.032,0,1,2,4,74,8,58,0,0,0,0,0,0,2,0,0,0,0,142,3.67,5.0,4.0,5.0,4.42
6ad30336-f33e-450f-ba52-fa8036189ac7,0.0,2790.742,True,3515.152,3515.152,1,0,0,5,65,0,30,0,0,1,0,0,0,4,0,0,1,0,101,4.67,5.0,5.0,4.67,4.84
c9d8e435-895f-4500-b4bf-f67174c9c865,0.0,1137.13,True,1827.894,1827.894,14,5,4,12,47,0,23,0,0,32,1,0,0,0,0,8,0,0,111,4.67,4.0,4.33,4.67,4.42
74b121ba-ec8c-4df2-a865-e7a0753ec479,0.0,2841.785,True,3180.548,3180.548,1,1,0,0,58,2,49,0,0,0,0,1,0,0,0,0,0,0,110,3.0,3.33,4.0,3.67,3.5
38bcc375-369b-4258-8714-6fb76ceb9820,0.0,2594.086,True,2811.869,2811.869,1,0,0,0,54,0,28,0,0,0,0,2,0,1,0,0,0,0,85,4.33,5.0,5.0,5.0,4.83
081241c7-e254-46a5-b89d-acbf6c9125ee,0.0,2515.718,True,3467.09,3467.09,2,0,1,4,66,2,45,0,0,0,1,0,0,0,0,0,0,0,114,3.67,4.0,4.67,3.33,3.92
82085313-0cf5-4218-9183-9280f768c8cb,260.877,1871.77,True,2302.309,2041.4320000000002,2,0,0,1,38,2,18,0,0,0,2,0,0,0,0,2,5,0,67,3.67,4.0,4.67,4.0,4.08
b9f3524c-f355-4e01-9462-4f3e656bda5e,0.0,1516.938,True,2378.47,2378.47,2,4,2,11,49,2,26,0,0,0,1,0,0,0,0,32,0,0,110,4.0,3.67,5.0,4.67,4.34
b3d4710a-aef7-4ae6-88ee-29f25c2c9122,2168.871,3265.281,True,5712.448,3543.577,4,3,1,7,68,0,39,0,8,0,0,0,0,6,2,2,9,0,134,5.0,4.33,4.0,5.0,4.58
4f9955b0-2d9c-4eeb-9845-c47b15360cab,0.0,1540.778,True,1818.243,1818.243,0,0,1,3,31,0,18,0,0,0,2,0,0,2,0,0,0,0,53,3.67,3.0,1.67,4.67,3.25
3dffc0d5-2827-4575-9b3c-693800967721,0.0,2810.567,True,3634.417,3634.417,10,1,1,11,63,0,29,0,0,0,0,0,0,0,0,2,1,0,95,4.0,4.0,4.0,4.33,4.08
feef6f89-06c0-41db-8d9f-b3b0f5c3ff01,0.0,2489.776,True,2940.159,2940.159,0,1,0,0,59,0,31,0,0,0,0,1,0,1,0,0,1,0,93,5.0,5.0,5.0,5.0,5.0
4d3bcbe3-f060-4965-a176-b232c8ec0499,0.0,3436.481,True,4544.81,4544.81,1,0,0,5,75,4,38,0,0,0,0,0,0,1,0,2,0,0,120,4.0,3.67,5.0,5.0,4.42
c40e84d2-9389-46b5-973f-113e64d6a166,0.0,2266.503,True,2820.672,2820.672,5,5,9,8,69,2,45,0,0,0,8,0,0,2,0,30,0,0,156,2.67,3.67,4.33,4.0,3.67
f0ac3c77-697a-41bd-a1e6-7bbbcf84c00b,0.0,1726.094,True,2833.422,2833.422,3,1,1,11,50,4,49,0,0,1,7,0,0,2,0,4,1,0,118,2.33,3.0,4.33,3.0,3.16
b5554b39-cc75-4784-9580-76cd8aff6b10,415.977,4720.827,True,5869.848,5453.871,4,1,1,19,76,18,43,0,0,0,6,0,0,0,0,2,16,0,161,4.67,5.0,4.67,5.0,4.84
43d1247f-28f5-4cff-a6c6-285cd0d47b26,0.0,3838.053,True,4060.296,4060.296,1,0,1,2,74,2,36,0,0,0,0,2,0,0,5,0,1,0,120,4.33,5.0,2.67,5.0,4.25
6d7c9b57-0a7f-4884-972c-8c4eba8f8d13,0.0,1626.455,True,1798.583,1798.583,0,0,0,1,38,0,15,0,0,0,1,0,0,0,0,0,0,0,54,3.33,4.0,5.0,4.0,4.08
85069f6f-17a7-4082-89e8-652fc62aef39,0.0,2994.001,True,3228.221,3228.221,0,0,0,2,58,2,25,0,0,0,0,0,0,0,0,0,1,0,86,4.0,4.33,5.0,5.0,4.58
85655b0c-e822-4b8b-83a8-610d45dccb94,0.0,673.355,True,923.578,923.578,6,15,9,7,42,0,34,0,0,25,1,5,0,0,0,28,1,0,136,3.0,3.0,3.67,3.67,3.34
f82c18a7-5595-4f4e-892c-c7b6f8a595aa,0.0,3440.886,True,4068.965,4068.965,3,1,0,3,70,2,37,0,2,0,3,0,0,1,0,0,0,0,115,3.67,3.67,4.67,4.33,4.08
d66bd11d-4cc2-48f4-8379-f9deefe5757f,0.0,2465.388,True,2700.864,2700.864,0,0,0,0,59,0,24,0,0,0,0,0,0,0,0,0,0,0,83,4.0,4.67,4.33,4.0,4.25
4011f7d5-5abc-4536-8d6c-676e08b90d27,0.0,5209.24,True,5443.711,5443.711,3,1,1,9,60,8,11,0,0,0,1,0,0,6,0,0,0,0,86,4.0,5.0,4.0,5.0,4.5
cfff69f9-c18f-4682-8cf3-8693c676b723,0.543,4355.523,True,5347.737,5347.194,5,0,1,12,97,8,54,0,20,0,2,0,0,0,0,2,2,0,185,3.33,3.33,2.67,4.67,3.5
a44061a2-2ad4-4ac5-86d2-7f283b01cb13,0.0,2554.173,True,2754.985,2754.985,0,0,0,2,57,0,29,0,0,0,0,0,0,2,0,0,1,0,89,3.67,4.0,5.0,4.0,4.17
ec70481d-44cf-4a12-94e6-855b16367ea0,0.0,571.511,True,1235.163,1235.163,9,7,15,8,57,0,38,0,10,3,0,0,0,0,0,66,0,0,174,3.0,4.0,4.0,4.0,3.75
5df74afc-aa7b-42dc-bfc4-e98d156d1b84,0.0,1813.035,True,2026.281,2026.281,6,0,2,6,47,6,29,0,0,1,6,0,0,0,0,6,0,0,95,4.0,3.33,4.67,4.33,4.08
e1a13723-3931-4f0e-9e99-2646db86b8c0,1.433,1836.989,True,2467.415,2465.982,0,0,0,2,52,0,26,0,0,0,1,0,0,1,0,0,2,0,82,4.67,4.0,5.0,5.0,4.67
2a3b82a6-7821-408e-abb2-d835997a9a78,0.0,796.182,True,846.759,846.759,9,6,8,6,44,0,21,0,6,0,0,0,0,1,0,52,0,0,124,3.33,3.0,3.0,3.0,3.08
7e2dd174-de57-421f-a9f4-43ed0d50f65a,168.458,3929.873,True,4326.828,4158.370000000001,7,0,1,9,67,12,33,0,0,0,0,0,0,1,0,0,2,0,115,3.67,4.33,5.0,5.0,4.5
5e2f9303-f3eb-4d8b-b204-953dbec32524,0.0,2334.689,True,2592.154,2592.154,4,1,1,7,57,6,31,0,0,0,4,6,0,1,0,8,1,0,114,4.67,4.0,4.67,5.0,4.58
b11d4d1a-e31c-42b6-984f-f68bd9ba9fd4,0.0,2271.252,True,3207.922,3207.922,1,1,0,1,54,0,23,0,0,0,0,0,0,0,0,6,1,0,84,3.67,3.67,4.0,5.0,4.08
03ba6270-fccd-4a16-9e45-1f0a40a1cce2,16751.325,1961.244,True,22731.713,5980.387999999999,2,2,1,3,54,0,26,0,0,2,2,0,0,2,0,2,2,0,90,3.0,4.33,5.0,5.0,4.33
483b40a0-3713-4eea-92e7-9a3053303013,34.897,4204.112,True,4447.287,4412.39,7,2,3,10,71,4,53,0,8,8,3,0,0,4,5,0,5,0,161,3.33,3.0,2.33,3.0,2.92
f89cd242-9c12-44ec-a664-a6aba6735750,22180.157,1499.061,True,23874.214,1694.0570000000007,0,0,0,5,47,0,42,0,0,0,2,0,0,2,0,4,3,0,100,3.0,2.33,3.67,3.67,3.17
320be42a-2307-41be-950a-018c1d7c4c34,42518.695,2785.7969999999987,True,45733.763,3215.0679999999993,16,5,1,11,67,16,30,0,92,0,11,0,0,0,2,0,8,0,226,4.0,4.67,4.33,5.0,4.5
23ed4809-9472-4724-a0f4-b68aaa814f6c,0.0,2474.022,True,3425.23,3425.23,3,1,0,6,63,2,33,0,0,0,0,0,0,0,0,2,0,0,100,4.33,4.33,4.67,5.0,4.58
c74e6b9d-4f38-4250-b7ba-25de102c90d2,281.023,1921.5749999999998,True,2417.603,2136.58,2,1,0,5,46,2,20,0,0,0,0,0,0,2,0,0,2,0,72,3.67,3.67,3.67,4.0,3.75
4f4b5ef2-7d1c-4e9b-b37f-66d10d41d366,0.0,2414.375,True,2677.611,2677.611,0,0,0,3,54,0,25,0,0,0,1,0,0,2,0,0,1,0,83,4.33,4.0,4.33,4.67,4.33
8cc2d696-646e-4a00-bc7d-773129c737bf,0.0,1396.416,True,1610.731,1610.731,1,1,0,3,45,0,28,0,0,0,0,6,0,3,0,4,1,0,87,1.33,4.33,4.33,4.67,3.66
9b2f130f-c92d-4b62-a914-eca326f268b6,0.0,1045.544,True,1475.873,1475.873,1,3,12,6,53,0,28,0,0,2,3,2,0,1,0,32,1,0,122,4.33,4.67,3.67,5.0,4.42
12de4c84-e228-4474-b929-592e1f1d3411,1016.7149999999999,1627.1889999999999,True,2852.664,1835.9490000000003,4,2,3,8,47,2,33,0,0,9,0,0,0,1,0,14,8,0,114,3.33,4.0,4.67,4.33,4.08
57b3cc4d-d6be-450b-8d80-2bfb4d4a2cf2,2.632,2509.064,True,3269.104,3266.4719999999998,0,0,0,0,49,0,22,0,0,0,0,0,0,0,0,0,6,0,77,1.33,3.0,4.0,3.33,2.92
129142a8-1946-4036-b1f2-bf8b96f9e3dc,0.0,962.801,True,1558.7,1558.7,3,9,7,11,44,2,30,0,0,0,1,2,0,4,0,46,0,0,129,2.67,2.67,4.33,4.67,3.58
e717290b-5418-4d5b-8f09-99b11ab1cd1f,127.46,4276.532,True,5509.718,5382.258,7,0,1,2,87,0,48,0,0,0,8,0,0,2,0,0,3,0,148,4.67,5.0,5.0,5.0,4.92
60d7efa7-22c8-4053-bcf7-8afd5a16daf6,14.687,2451.981,True,3424.964,3410.277,0,0,0,2,57,0,27,0,0,0,0,0,0,1,0,2,3,0,90,4.0,3.67,4.33,4.0,4.0
d1998726-9d15-4e46-b8de-3814ff81e8c7,7552.596,3478.075,True,12218.599,4666.003000000001,10,5,5,17,79,14,24,0,46,1,5,0,0,2,0,12,9,0,192,4.67,5.0,4.0,4.67,4.58
c3dd1c18-20a5-4247-8969-8ff95c66ab0b,0.0,1737.036,True,1939.148,1939.148,0,0,0,0,38,0,17,0,0,0,0,7,0,0,0,0,1,0,63,2.33,4.33,4.33,4.0,3.75
bafd2d7d-c06e-48f3-8c31-7c4e308c71b4,0.0,1763.944,True,2501.993,2501.993,11,16,27,19,90,8,52,0,0,0,66,0,0,0,0,0,1,0,217,5.0,5.0,5.0,5.0,5.0
d46b5cdc-d2b0-49f4-a120-838bd5b8842f,0.0,3314.186,True,4212.714,4212.714,1,0,0,5,59,4,25,0,0,0,0,0,0,0,1,2,0,0,91,4.33,5.0,5.0,5.0,4.83
620f8eee-3d64-4f8f-b389-26570ec33e3f,202.288,2698.737,True,3588.004,3385.716,4,3,0,4,62,0,26,0,6,0,0,0,0,2,4,4,3,0,107,5.0,5.0,5.0,5.0,5.0
c21ab610-3a1c-4fa8-9193-5fe91e78007d,369.4309999999999,3787.833,True,5924.887,5555.456,4,1,0,9,72,10,45,0,0,0,0,0,0,0,0,0,17,0,144,4.33,3.33,3.67,4.67,4.0
a625b818-6e2c-433d-bd37-1112870c449b,1632.853,1593.2,True,3823.907,2191.054,0,0,0,0,56,0,39,0,0,0,0,4,0,0,0,0,3,0,102,5.0,4.0,4.33,5.0,4.58
694f40f4-231d-453a-81f1-6ebc7b262872,0.0,1938.619,True,2091.172,2091.172,17,2,3,6,49,2,43,0,0,36,0,0,0,1,0,0,1,0,132,2.0,3.33,2.67,3.0,2.75
483dcfa6-628b-4936-af84-023112ab64b8,1.98,1733.849,True,1920.143,1918.163,1,2,0,2,50,0,32,0,0,0,3,0,0,0,0,4,2,0,91,3.33,4.67,4.0,4.67,4.17
d161a9fc-fc09-4928-a71c-124cb94722ee,0.0,1540.677,True,1803.848,1803.848,0,1,0,1,47,0,23,0,0,0,0,1,0,2,0,0,1,0,74,2.67,2.33,3.67,2.67,2.84
029a5235-19a1-4ef6-9eb3-7e67ec58e738,0.0,1819.964,True,2038.342,2038.342,0,1,0,1,40,0,13,0,0,0,1,2,0,1,0,0,1,0,58,4.33,4.33,4.0,5.0,4.42
bcb120c9-6e4b-4cd4-8333-a23f1518aeed,0.0,1799.594,True,2637.929,2637.929,0,0,0,0,49,0,26,0,0,0,0,3,0,0,0,0,1,0,79,2.0,3.33,3.33,4.0,3.16
a7aa9c37-6c88-4c74-891e-077530cadd29,0.0,4163.618,True,5476.992,5476.992,1,0,1,11,79,8,37,0,0,0,0,0,0,2,0,2,0,0,128,3.67,4.0,4.67,5.0,4.34
fd4d5d15-fd25-4de7-974c-2f8527bbd156,130.90200000000002,4110.417,True,4852.592,4721.69,3,2,4,14,76,14,140,0,0,4,4,8,0,0,3,2,19,0,270,2.67,4.67,4.0,5.0,4.08
202575f9-265b-4281-8773-106914b26ddd,0.0,1944.941,True,2866.28,2866.28,1,0,0,4,52,0,32,0,0,3,0,1,0,2,0,0,1,0,91,2.67,3.67,4.33,4.0,3.67
692ace42-b893-4351-ad68-4b1af5a0b882,5.425,1988.299,True,2256.714,2251.2889999999998,1,0,0,4,48,0,13,0,0,0,0,6,0,5,0,0,3,0,75,1.67,3.67,4.33,4.0,3.42
4ae6ffb5-2832-438b-891e-b7a22fb6114f,0.0,2099.742,True,2991.69,2991.69,0,0,0,1,48,0,30,0,0,0,1,2,0,0,0,0,0,0,81,4.0,4.33,3.33,3.67,3.83
6509dfb9-2fbb-4186-8ff7-cc4a1676a469,650.6220000000001,1931.975,True,3443.202,2792.58,0,0,0,0,50,0,25,0,0,0,0,0,0,0,0,0,4,0,79,4.33,5.0,5.0,5.0,4.83
78e0972c-e01d-4873-bf22-1310f21dce04,234.40699999999998,4436.166,True,4863.479,4629.072,0,0,0,4,72,4,36,0,0,0,0,0,0,0,0,0,6,0,118,4.33,4.0,4.67,5.0,4.5
1d89694c-42cb-4ea6-af76-b90fc3c31098,2931.824,1993.4479999999999,True,5340.471,2408.6469999999995,0,0,0,5,48,2,47,0,0,0,2,6,0,1,0,0,5,0,111,3.67,5.0,4.67,5.0,4.58
37b9e537-c0c3-4103-91d4-089ee3c00a95,0.0,2853.009,True,3109.389,3109.389,0,0,0,1,65,0,33,0,0,0,0,0,0,1,0,0,0,0,99,3.33,1.67,2.33,5.0,3.08
66696839-fd8a-4346-a3f3-840c2601eb20,0.0,4552.092,True,5766.64,5766.64,10,6,0,8,85,6,44,0,0,6,0,0,0,2,9,0,0,0,152,3.33,2.33,4.67,4.0,3.58
9d52676c-f9ae-47af-8bd1-00c1a158287c,0.0,2450.055,True,2673.963,2673.963,0,0,0,0,47,0,20,0,0,0,0,0,0,0,0,0,0,0,67,2.33,4.0,5.0,3.33,3.66
f16c4086-3f44-4852-b28f-008defb47a32,0.0,2003.531,True,2244.092,2244.092,0,1,0,3,50,0,27,0,0,0,1,0,0,2,0,2,0,0,82,4.33,5.0,2.0,3.33,3.66
c73daea4-c6c3-4130-9ed3-48c5b860cb5f,17.929000000000002,1646.041,True,1872.88,1854.951,7,3,2,5,37,6,18,0,0,10,0,0,0,8,0,0,7,0,86,4.0,3.0,3.0,3.33,3.33
95d01a27-bd94-4861-ab08-9f4a2ba33066,0.0,2839.782,True,3049.433,3049.433,2,0,1,4,50,2,27,0,0,2,3,0,0,0,0,0,0,0,84,3.0,4.33,3.33,4.33,3.75
41618334-5033-4ee2-b257-f9703e222136,0.0,1644.721,True,2156.982,2156.982,1,0,0,1,63,0,25,0,0,3,0,0,0,0,0,0,0,0,91,3.67,4.0,4.33,4.33,4.08
6c521e99-e0c0-49b5-bf59-bc38d81cfd69,0.0,2854.758,True,3076.887,3076.887,1,0,0,3,57,2,38,0,0,0,0,4,0,2,0,0,1,0,104,2.67,4.0,5.0,4.33,4.0
52bf4110-0b13-4165-9dc2-4d1a6536ab7d,2200.01,3673.303,True,6514.268,4314.258,4,1,4,7,78,8,26,0,8,0,1,0,0,0,0,12,3,0,136,3.67,4.33,4.67,4.67,4.34
02e46de3-0b13-4425-8a50-0d70bdd7eb89,0.0,1351.516,True,2175.834,2175.834,6,9,6,3,60,0,28,0,4,4,1,0,0,1,0,32,0,0,130,1.67,3.0,4.33,3.0,3.0
6938f9cf-627d-4102-bc52-2d070334ba47,0.0,2290.056,True,2597.655,2597.655,2,1,1,6,43,4,14,0,0,2,0,0,0,0,1,2,1,0,67,3.33,3.67,5.0,4.33,4.08
77a689fd-3337-4133-8133-b271ebbd9e80,31674.616,3320.092,True,78001.124,46326.507999999994,2,2,0,3,66,0,39,0,0,0,0,0,0,2,0,0,5,0,112,3.33,4.33,3.0,5.0,3.92
00254fa7-1c10-4794-a7ea-756ab59268f8,592.748,2511.854,True,3832.964,3240.216,9,6,5,14,67,14,65,0,0,0,1,15,0,10,0,20,7,0,199,3.0,4.33,3.67,5.0,4.0
055ae55d-90d6-4957-8c7a-2a7cf9163013,0.0,971.082,True,2132.25,2132.25,11,7,7,10,84,0,26,0,44,0,0,0,0,0,0,50,0,0,204,2.33,3.0,3.67,4.0,3.25
56975ef3-14ac-49c0-8f62-1f299fcb19d3,0.0,3627.18,True,3918.113,3918.113,1,0,2,3,77,0,34,0,10,0,0,0,0,4,0,0,1,0,126,4.33,4.0,4.33,4.0,4.16
f0544cbd-eff7-48f9-b2c0-7d6232b3e023,179.905,2231.321,True,3243.107,3063.2019999999998,3,1,0,3,61,0,36,0,2,0,5,0,0,0,0,2,5,0,111,3.33,3.0,3.67,3.33,3.33
3db6b747-714c-45e5-b3de-34cac20224ff,0.0,3284.351,True,3943.846,3943.846,6,3,5,7,75,16,37,0,4,0,1,0,0,0,0,2,1,0,136,5.0,5.0,5.0,5.0,5.0
0e45586a-c966-4741-b55e-1a09c683aa16,0.0,2739.667,True,2952.619,2952.619,1,0,0,1,58,0,34,0,0,0,1,2,0,1,0,0,1,0,97,4.0,3.0,4.33,4.33,3.92
f83f657c-063f-4e9c-8a3b-18bd18703ec1,0.0,3366.842,True,3625.43,3625.43,0,0,1,1,62,0,27,0,0,0,0,0,0,0,0,4,0,0,93,3.0,2.0,3.33,2.67,2.75
87e71c4b-2b36-46bd-ab92-0f5f34a1a8b3,0.0,1602.508,True,1827.731,1827.731,5,1,2,3,39,2,21,0,10,0,4,0,0,4,0,2,0,0,82,1.0,2.33,3.0,1.67,2.0
8efe1d7e-3085-48e0-a46e-a741f60b6ede,7.297000000000001,1693.984,True,1900.533,1893.2359999999999,1,1,0,2,40,0,14,0,0,0,0,0,0,0,5,2,5,0,66,2.67,4.0,2.67,3.0,3.08
88892494-4d09-42f6-aae3-db71d8cb5de9,1581.085,1011.8430000000001,True,3037.25,1456.165,7,6,2,7,48,2,28,0,0,0,8,0,0,0,0,16,4,0,106,2.67,3.0,3.0,3.0,2.92
89fa9528-2369-4ad3-95c9-de97800ede0a,8.318999999999999,815.266,True,1786.345,1778.026,9,9,9,5,62,2,52,0,26,0,23,0,0,0,0,2,20,0,187,1.67,4.0,2.67,3.67,3.0
6c32db0a-6d5c-4b9b-80f4-5ea64a39db80,5400.681,682.072,True,6536.51,1135.8290000000006,4,11,7,7,47,0,30,0,0,3,0,0,0,0,1,50,6,0,137,4.0,5.0,4.33,5.0,4.58
d4141ef0-32c8-4488-9b29-3f6fc98c5ba8,0.0,1757.382,True,1992.608,1992.608,0,0,1,2,51,0,31,0,0,0,0,0,0,1,0,4,0,0,87,3.67,4.0,4.67,4.0,4.08
758204bf-e2eb-400b-9127-3e09f35e1af4,0.0,2894.895,True,3236.812,3236.812,0,0,0,4,55,0,19,0,0,0,2,0,0,2,0,0,0,0,78,2.67,3.0,4.33,3.33,3.33
5a42f446-3f9c-416f-bd11-148e0dfe82c7,366.89599999999996,3429.339,True,3981.582,3614.6859999999997,0,1,1,1,64,4,31,0,0,0,0,0,0,0,0,0,8,0,107,1.33,2.33,3.67,1.0,2.08
a7aa4f6b-b8b9-47dd-a5e5-7fb217a637e1,2.165,3793.422,True,4402.57,4400.405,1,1,0,4,69,4,35,0,6,0,0,0,0,0,0,0,5,0,119,4.67,4.33,4.0,5.0,4.5
56d2de13-aecb-4f98-a36b-c68f93b78d2b,113.574,1901.768,True,3165.678,3052.104,0,0,2,7,48,6,22,0,0,0,0,0,0,0,0,6,7,0,89,2.0,4.0,5.0,4.0,3.75
a261f6a2-c96d-47a4-87aa-2eb0b6ac077b,954.433,4025.9480000000003,True,6075.543,5121.11,3,0,1,10,57,10,29,0,8,2,0,0,0,0,3,2,9,0,120,3.67,4.33,3.0,3.33,3.58
52d1d977-de18-45de-bf55-cec1bd33a94d,4.143,2176.343,True,3502.428,3498.285,0,0,0,2,57,0,28,0,0,0,0,0,0,0,0,4,4,0,93,3.67,3.0,4.0,4.0,3.67
f1e5ee8d-ce19-4631-94d2-f899b8d67277,4033.951,5515.089999999999,True,9837.563,5803.612,5,2,1,19,48,24,22,0,0,0,0,0,0,2,0,8,4,0,108,4.0,3.67,5.0,4.33,4.25
f4d4f847-f957-405d-a1e9-00317ca2e017,0.0,2555.317,True,2779.746,2779.746,14,8,4,7,59,8,29,0,0,12,0,4,0,3,4,26,0,0,145,4.0,4.33,5.0,5.0,4.58
9d660b53-4f05-4800-8d70-5b584025ee4c,3.44,1093.661,True,1413.553,1410.113,16,9,3,6,36,0,19,0,0,0,33,0,0,0,0,4,3,0,95,2.33,2.0,3.0,2.67,2.5
1264791b-0332-420c-939c-03eda6e03e1d,0.0,3717.321,True,3887.603,3887.603,3,3,3,4,79,0,52,0,0,1,2,2,0,3,0,14,1,0,154,4.0,4.0,4.67,4.33,4.25
53f67b05-7d64-41d5-8d09-a7daa89b587d,1.09,1549.616,True,2012.879,2011.789,1,0,0,1,42,0,21,0,0,0,0,0,0,2,0,0,3,0,68,4.33,3.33,1.67,4.67,3.5
2a2492f0-a824-40cb-8f69-80dfec733621,5.797000000000001,1717.152,True,2641.494,2635.697,0,0,0,3,51,0,22,0,0,0,0,0,0,3,0,0,4,0,80,4.0,4.0,4.0,4.67,4.17
a207cd6c-ea67-4f9b-aaac-bb13a6bdb557,0.0,4362.441,True,5071.616,5071.616,4,0,0,7,73,4,31,0,2,0,0,0,0,3,4,2,0,0,119,3.0,4.33,4.67,4.33,4.08
d3959b20-1dc4-44e3-9ad3-9fe05860309c,0.0,3145.651,True,3849.729,3849.729,0,1,0,5,65,2,21,0,0,0,0,0,0,2,0,0,0,0,90,5.0,5.0,5.0,5.0,5.0
cb63a75d-95e3-4059-af13-fe97e8af644b,0.001,2195.48,True,3094.225,3094.2239999999997,2,2,1,4,58,4,57,0,0,0,4,0,0,0,0,2,3,0,128,2.67,3.0,3.0,3.0,2.92
b6da09d5-2a67-428e-9751-571373e6b2e2,0.0,559.078,True,903.659,903.659,4,15,15,2,43,0,4,0,2,0,1,0,0,0,0,68,1,0,119,1.0,1.0,2.33,1.0,1.33
92afb792-dd2f-4fcf-8bd1-903aa8058327,8.344999999999999,421.947,True,869.318,860.973,4,7,6,4,35,2,19,0,0,1,1,0,0,0,0,40,6,0,104,5.0,4.67,4.0,5.0,4.67
c0a4a2bf-1973-4a75-b54f-28c1b904799a,77.81299999999999,2955.989,True,3809.548,3731.7349999999997,0,0,0,2,60,0,37,0,0,0,0,0,0,2,0,0,6,0,105,4.0,3.67,5.0,4.33,4.25
81d61262-d091-453b-9019-6437acbf0d26,5663.707,3743.9660000000003,True,9713.14,4049.432999999999,0,0,0,0,73,0,39,0,0,0,0,1,0,0,0,0,38,0,151,5.0,4.67,4.67,5.0,4.84
f361295d-1760-42a4-bd7d-c467c994fd01,11.701,1779.578,True,1964.016,1952.315,2,1,0,5,46,4,58,0,0,0,1,0,0,0,0,0,2,0,111,3.67,3.67,5.0,3.33,3.92
8d5626c0-1131-4765-820f-cf3ed50a30cc,0.0,3537.336,True,4542.781,4542.781,0,0,0,2,78,2,40,0,0,0,0,0,0,0,0,0,1,0,121,3.0,4.67,5.0,4.67,4.34
c527aade-4026-48fd-9d0c-7ed1edc63c66,0.0,2804.109,True,3137.955,3137.955,12,8,0,10,54,8,23,0,16,0,8,0,0,0,7,2,0,0,118,4.67,5.0,3.33,5.0,4.5
548a700e-6cb1-48b3-b9b7-980e0e82aaf5,0.0,1888.754,True,2074.672,2074.672,6,1,2,2,53,8,38,0,0,0,5,0,0,2,0,0,1,0,107,3.0,5.0,2.33,4.0,3.58
0f9f09c2-0c1f-4f1f-acb4-c6f1b6db4059,238.52,2877.374,True,5432.647,5194.1269999999995,5,7,1,21,59,20,40,0,0,0,0,0,0,12,0,2,5,0,138,4.0,4.0,4.33,4.0,4.08
d19f52e9-d945-4f32-bb90-0e90357dddb1,0.0,3655.491,True,4967.055,4967.055,4,1,2,3,80,0,49,0,0,0,0,3,0,4,0,10,2,0,148,3.67,5.0,4.67,4.67,4.5
e9d6f60b-cf61-40fa-882b-3fc9bab6dfec,0.0,2210.044,True,3224.217,3224.217,2,1,0,3,47,2,25,0,6,0,0,0,0,1,0,0,0,0,81,2.33,3.0,4.67,3.0,3.25
0cb3697e-7482-4c70-ab4c-fa4c821d0083,0.0,3399.171,True,3617.736,3617.736,0,0,0,0,64,0,34,0,0,0,0,1,0,0,0,0,0,0,99,5.0,4.67,4.67,5.0,4.84
5f236320-1a27-4bc5-9863-d7766b51e3cf,7.079,2653.7019999999998,True,2826.694,2819.615,0,0,0,4,56,0,24,0,0,0,0,0,0,3,0,2,3,0,88,4.0,4.0,3.33,4.0,3.83
76cbe9b5-115a-490d-a6d9-0c1203e8bb34,0.0,1911.814,True,2587.255,2587.255,5,2,8,4,55,10,27,0,2,0,2,0,0,0,0,20,0,0,116,4.0,4.67,4.67,5.0,4.58
42ccc26f-c376-4da3-ac97-281c7f7191b1,0.0,1777.904,True,2518.535,2518.535,5,1,0,1,49,0,18,0,6,0,3,2,0,1,0,2,1,0,82,3.67,4.67,5.0,5.0,4.58
ee522054-0140-4c1c-ab0b-42efd03838ea,238582.64800000002,2013.554,True,244531.05,5948.401999999973,1,1,0,2,45,2,21,0,2,0,0,0,0,0,4,2,5,0,81,3.33,3.67,3.67,4.0,3.67
27c00bac-4086-4863-9cb6-c317251d1a6c,0.0,1685.309,True,1859.707,1859.707,4,1,0,6,38,6,16,0,0,3,1,0,0,0,0,2,0,0,66,4.33,4.0,5.0,5.0,4.58
1e686fdf-c268-47c3-a1a7-3e6635abb4a2,0.0,3057.157,True,3317.271,3317.271,0,0,0,1,55,0,39,0,0,0,0,4,0,1,0,0,1,0,100,4.0,3.67,4.33,4.33,4.08
76b290df-066b-4438-8ba0-341cbafbf5eb,0.0,2919.956,True,3172.175,3172.175,0,0,0,4,60,2,32,0,0,0,0,0,0,2,0,0,1,0,97,3.33,4.0,4.33,5.0,4.16
4498d0f7-f743-4b17-8da4-e93d3941a81f,0.0,912.695,True,1019.128,1019.128,4,4,7,7,42,0,75,0,0,0,11,0,0,0,0,22,0,0,150,3.67,3.0,3.0,3.0,3.17
1efb8275-e266-4af1-9920-8d5a72e8de54,0.0,2623.073,True,2843.089,2843.089,0,2,0,4,56,2,29,0,0,1,0,2,0,2,0,2,1,0,95,3.33,3.0,4.67,3.0,3.5
fe8f1caa-1115-4854-9387-69910f007f28,0.0,688.342,True,926.27,926.27,9,10,7,3,40,0,31,0,0,0,0,0,0,0,0,64,0,0,135,3.33,4.67,4.0,4.33,4.08
c7571a72-78e2-4cb5-9242-035139bcf006,3.644,2891.1270000000004,True,3328.98,3325.3360000000002,0,0,0,0,61,0,32,0,0,0,0,0,0,0,0,0,4,0,97,3.33,3.67,3.67,4.0,3.67
10bbc492-8725-41d3-8875-f98443402399,0.0,2058.735,True,2239.774,2239.774,0,0,0,0,41,0,16,0,0,0,0,0,0,0,0,0,0,0,57,3.67,3.0,4.67,3.0,3.58
2cbcd6f4-2518-4ef0-a2ca-3fcb27728a75,18.52,1775.084,True,2401.978,2383.458,0,0,0,1,49,0,20,0,0,0,0,0,0,0,0,2,6,0,77,4.67,4.33,5.0,4.33,4.58
6c4cb685-9fd0-4a7e-bbfd-0bc234a57279,5.639,2933.745,True,3694.9,3689.261,0,0,0,7,64,2,32,0,2,0,4,0,0,0,0,2,2,0,108,3.67,4.33,5.0,5.0,4.5
aa15c952-d11e-4759-81ce-1ce5d3f13f3f,9.335,420.411,True,846.594,837.259,4,13,8,3,39,0,31,0,0,0,6,0,0,1,0,68,2,0,147,1.0,2.0,2.33,3.33,2.16
b39d92ed-0ae1-47fb-b26f-2e296c33b33b,0.0,2598.598,True,3547.01,3547.01,0,3,1,3,68,0,31,0,12,0,1,2,0,0,0,0,0,0,114,4.33,4.33,5.0,5.0,4.66
f7c8b4ae-4206-4179-a4d7-1368d79cf39e,0.0,2075.904,True,2253.248,2253.248,1,1,1,2,51,0,18,0,0,0,3,0,0,0,0,2,0,0,74,3.67,3.33,4.0,4.33,3.83
00b61874-00fc-4df8-a648-330c597a52d3,5.892,4177.917,True,5504.063,5498.171,4,0,2,6,91,6,36,0,20,0,0,0,0,1,0,4,2,0,160,4.67,5.0,5.0,5.0,4.92
061703ed-e553-46fc-a91c-f98e4744b5be,0.0,1654.953,True,2676.931,2676.931,4,2,1,10,54,0,41,0,0,3,0,1,0,2,0,24,0,0,125,4.67,3.67,4.33,4.67,4.34
4ee7753e-763a-402f-a7d0-787085f9f5ae,13543.448,1624.985999999999,True,16281.735,2738.2870000000003,0,2,1,6,48,4,22,0,0,0,0,0,0,0,0,10,8,0,92,4.0,4.0,5.0,4.33,4.33
09f21498-c6e5-46c1-99fd-fb41bbe1470f,225.788,2937.931,True,3339.058,3113.27,5,5,2,19,48,21,24,0,0,0,3,1,0,0,0,14,16,0,127,4.67,4.33,5.0,5.0,4.75
9f348530-ab78-43a6-930d-6d203b0d0f46,0.098,1891.241,True,2712.256,2712.158,0,0,0,0,54,0,30,0,0,0,0,0,0,0,0,0,2,0,86,3.67,5.0,5.0,5.0,4.67
a3664597-26f0-4d1f-91e2-a54458218886,0.0,5434.509,True,5642.328,5642.328,6,3,2,12,58,8,30,0,0,0,11,0,0,2,0,4,0,0,113,1.33,1.33,3.67,2.67,2.25
7e732bde-59e9-4ecf-a603-a715aba91693,0.5830000000000001,1978.707,True,2214.76,2214.177,0,0,0,6,44,4,18,0,0,0,0,0,0,2,0,0,5,0,73,2.67,4.0,4.0,3.67,3.58
658a507f-80af-453c-aa2c-7356f436783d,0.0,2724.074,True,2814.54,2814.54,3,2,5,9,63,0,41,0,6,0,0,3,0,2,0,30,1,0,146,4.67,3.0,3.67,3.0,3.58
